Id,Name,AccountId,LastName,FirstName,Email,Account.Name
0039r000000HGYDAA4,John Bond,0019r000001gYccAAE,Bond,John,marygrace.li@qut.edu.au,Central Perc Co.
0039r000000HGYEAA4,Lauren Boyle,0019r000001gYcbAAE,Boyle,Lauren,marygrace.li@qut.edu.au,United BC Corp
0039r000000HGYFAA4,Arthur Song,0019r000001gYcbAAE,Song,Arthur,marygrace.li@qut.edu.au,United BC Corp
0039r000000HGYGAA4,Hann Solo,0019r000001gYcbAAE,Solo,Hann,marygrace.li@qut.edu.au,United BC Corp
0039r000000HGYHAA4,Ana Banana,0019r000001gYcdAAE,Banana,Ana,ana.dumangas@qut.edu.au,Test Corporation
0039r000000HGYIAA4,Ana Test2,0019r000001gYcdAAE,Test2,Ana,ana.dumangas@qut.edu.au,Test Corporation
0039r000000HGYJAA4,Wushi Li,0019r000001gYcdAAE,Li,Wushi,ana.dumangas@qut.edu.au,Test Corporation
0039r000000HGYKAA4,Cristy Lee,0019r000001gYcbAAE,Lee,Cristy,marygrace.li@qut.edu.au,United BC Corp
