$$Name$QUT_Staff_Email__c,Account.Name,AccountId,Birthdate,Company_Name__c,ContactMobile_Validation__c,Description,Email,FirstName,hed__Chosen_Full_Name__c,hed__Primary_Organization__c,hed__Primary_Organization__r,hed__Primary_Organization__r.Name,Id,LastName,Migration_Key__c,MobilePhone,Name,QUT_Employee_ID__c,QUT_Identity_ID__c,QUT_Staff_Email__c,QUT_Student_ID__c,Salutation,Work_Email__c
John Bond;romanillred@qut.edu.au,Central Perc Co.,0019n000001yOeoAAE,,,,,marygracered.li@qut.edu.au,John,,,,,0039r000000HGYDAA4,Bond,,,John Bond,,,romanillred@qut.edu.au,,,
Lauren Boyle;castillp.staff@qut.edu.au,United BC Corp,0019n000001yOenAAE,,,,,marygracewhite.li@qut.edu.au,Lauren,,,,,0039r000000HGYEAA4,Boyle,,,Lauren Boyle,SAD342,,castillp.staff@qut.edu.au,,,
Arthur Song;marygracepurple.li.staff@qut.edu.au,United BC Corp,0019n000001yOenAAE,,,,,marygracepurple.li@qut.edu.au,Arthur,,,,,0039r000000HGYFAA4,Song,,,Arthur Song,,,marygracepurple.li.staff@qut.edu.au,,,
Hann Solo;marygrace.ligreen.staff@qut.edu.au,United BC Corp,0019n000001yOenAAE,,,,,marygrace.ligreen@qut.edu.au,Hann,,,,,0039r000000HGYGAA4,Solo,,,Hann Solo,,,marygrace.ligreen.staff@qut.edu.au,,,
Ana Banana;ana.dumangasred.staff@qut.edu.au,Test Corporation,0019n000001yOepAAE,,,,,ana.dumangasred@qut.edu.au,Ana,,,,,0039r000000HGYHAA4,Banana,,,Ana Banana,,,ana.dumangasred.staff@qut.edu.au,,,
Ana Test2;ana.dumangasblue.staff@qut.edu.au,Test Corporation,0019n000001yOepAAE,,,,,ana.dumangasblue@qut.edu.au,Ana,,,,,0039r000000HGYIAA4,Test2,,,Ana Test2,,,ana.dumangasblue.staff@qut.edu.au,,,
Wushi Li;ana.dumangaswhite@qut.edu.au,Test Corporation,0019n000001yOepAAE,,,,,ana.dumangaswhite@qut.edu.au,Wushi,,,,,0039r000000HGYJAA4,Li,,,Wushi Li,,,ana.dumangaswhite.staff@qut.edu.au,,,
Cristy Lee;marygrace.liorange.staff@qut.edu.au,United BC Corp,0019n000001yOenAAE,,,,,marygrace.liorange@qut.edu.au,Cristy,,,,,0039r000000HGYKAA4,Lee,,,Cristy Lee,,,marygrace.liorange.staff@qut.edu.au,,,
Shane Roberts;s52.roberts.staff@qut.edu.au,,,,,,Test Case: internal QUT staff idea submission,s52.roberts.white@qut.edu.au,Shane,,,,,0039r000000HGYKAA5,Roberts,HR:00000024,,Shane Roberts,24,2919b626-c535-45ae-abd4-ade435595817,s52.roberts.staff@qut.edu.au,,Mr,
Shilpa Basavarajappa;shilpa.basavarajappa.staff@qut.edu.au,,,,,,Test Case: internal QUT staff idea submission,shilpa.basavarajappa.myemail@qut.edu.au,Shilpa,Shilpa,,,,0039r000000HGYKAA6,Basavarajappa,HR:00000048,,Shilpa Basavarajappa,48,c75563fb-3aae-4a9c-b8a9-cd40d5553770,shilpa.basavarajappa.staff@qut.edu.au,402354,Mrs,
Anthony Ducat-Ernst;anthony.ducat@qut.edu.au,,,,,,Test Case: internal QUT staff idea submission,anthony.ducat.one@qut.edu.au,Anthony,Anthony,,,,0039r000000HGYKAA7,Ducat-Ernst,HR:00000070,,Anthony Ducat-Ernst,70,f723f5eb-ff3e-4e2d-b962-7c2604a9d7d5,anthony.ducat@qut.edu.au,,Mr,
Stuart Chalton;stuart.charlton@qut.edu.au,,,,,,Test Case: internal QUT staff idea submission,stuart.charlton.one@qut.edu.au,Stuart,Stuart,,,,0039r000000HGYKAA8,Chalton,HR:00000083,,Stuart Chalton,83,9f3202e3-5dfd-42ff-b322-fb75f4c4e27a,stuart.charlton@qut.edu.au,,Mr,
Kate Spade;katespadeupdated.staff@email.com,,,,,,,katespadeupdated@email.com,Kate,,,,,0038r000003yjgTAAQ,Spade,,,Kate Spade,,,katespadeupdated.staff@email.com,,,
Stanley Pringle;stanpring.staff@gmail.com,,,,,,,stanpring@gmail.com,Stanley,,,,,0038r00000450RiAAI,Pringle,,,Stanley Pringle,,,stanpring.staff@gmail.com,,,
Miss Lovely;missloveylim.staff@email.com,,,,,,,missloveylim@email.com,Miss,,,,,0038r0000040Ua6AAE,Lovely,,,Miss Lovely,,,missloveylim.staff@email.com,,,
Milly Please;missplease.staff@email.com,,,,,,,missplease@email.com,Milly,,,,,0038r0000042P85AAE,Please,,,Milly Please,,,missplease.staff@email.com,,,
Park Leads;missplease.staff@email.com,,,,ACN,,,missleadslim@email.com,Park,,0019n000001yOeoAAE,0019n000001yOeoAAE,Central Perc Co.,0038r0000044u4XAAQ,Leads,,,Park Leads,,,missleadslim.staff@email.com,,,
Lark QUT CCE;qutcce.staff@email.com,,,,,,,qutcce@email.com,Lark,,,,,0038r0000049ILBAA2,QUT CCE,,,Lark QUT CCE,,,qutcce.staff@email.com,,,
Dan DOM AC7;qutcce.staff@email.com,,,,,,,domac7@emails.com,Dan,,,,,0038r000004AUiTAAW,DOM AC7,,,Dan DOM AC7,,,domac7.staff@emails.com,,,
Bert DOM AC8;qutcce.staff@email.com,,,,acn,,,domac8@email.com,Bert,,0019n000001yOeoAAE,0019n000001yOeoAAE,Central Perc Co.,0038r000004AUaQAAW,DOM AC8,,,Bert DOM AC8,,,domac8.staff@email.com,,,
Clint Barton;qut.automation+bartonstaff@gmail.com,Central Perc Co.,0019n000001yOeoAAE,,,Valid,,qut.automation+barton@gmail.com,Clint,Clint,,,,0038r000003yjgTAAR,Barton,,61401193175,Clint Barton,,,qut.automation+bartonstaff@gmail.com,,Mr,
Bucky Barnes;qut.automation+barnesstaff@gmail.com,Central Perc Co.,0019n000001yOeoAAE,,,Valid,,qut.automation+barnes@gmail.com,Bucky,Bucky,,,,0038r000003yjgTAAS,Barnes,,61401193175,Bucky Barnes,,,qut.automation+barnesstaff@gmail.com,,Mr,
Darcy Lewis;qut.automation+lewisstaff@gmail.com,,,,,Valid,,qut.automation+lewis@gmail.com,Darcy,Darcy,,,,0038r000003yjgTAAT,Lewis,,61401193175,Darcy Lewis,,,qut.automation+lewisstaff@gmail.com,,Ms,qut.automation+lewisstaffii@gmail.com
Edward Leeds;qut.automation+leedsstaff@gmail.com,,,,,Valid,,qut.automation+leeds@gmail.com,Edward,Edward,,,,0038r000003yjgTAAV,Leeds,,61401193175,Edward Leeds,,,qut.automation+leedsstaff@gmail.com,,Mr,qut.automation+leedsstaffii@gmail.com
