_,Enrollment_Start_Date__c,External_Key__c,hed_Program_Enrollment__c,hed_Program_Enrollment__r,hed_Program_Enrollment__r.Name,Id,Migration_Id__c,Name,On_Plan_Flag__c,Student__c,Student__r,Student__r.$$Name$QUT_Staff_Email__c,Study_Area_Attempt_No__c,Study_Area_Long_Name__c,Study_Area_Name__c,Study_Area_Name__r,Study_Area_Name__r.$$Name$Study_Area_Code__c,Study_Area_Stage__c,Study_Area_Type__c
[Study_Area_Plan__c],,,a0JBn000000LpsLMAS,a0JBn000000LpsLMAS,PE-1203547,a2vOm000000Ly2oIAC,,SAP-397271,Yes,0039r000000HGYKAA8,0039r000000HGYKAA8,Stuart Chalton;stuart.charlton@qut.edu.au,3,Medical/Surgical Nursing Major,a2wOm000001yJYvIAM,a2wOm000001yJYvIAM,Computational and Simulation Science;MSBXMNR-COMPSSC,Discontinued,Study Area A Unit Sets (Historical Only)
[Study_Area_Plan__c],,,a0JBn000000LqQDMA0,a0JBn000000LqQDMA0,PE-1203548,a2vOm000000Ly2pIAC,,SAP-397272,Yes,0039r000000HGYKAA8,0039r000000HGYKAA8,Stuart Chalton;stuart.charlton@qut.edu.au,1,Medical/Surgical Nursing Major,a2wOm000001yJYwIAM,a2wOm000001yJZnIAM,Discrete Mathematics;MS01MNR-DISCRET,Discontinued,Study Area A Unit Sets (Historical Only)
[Study_Area_Plan__c],,,a0JBn000000Mw3mMAC,a0JBn000000Mw3mMAC,PE-1203603,a2vOm000000Ly2qIAC,,SAP-397273,Yes,0039r000000HGYKAA8,0039r000000HGYKAA8,Stuart Chalton;stuart.charlton@qut.edu.au,2,Medical/Surgical Nursing Major,a2wOm000001yJYxIAM,a2wOm000001yJYxIAM,Discrete Mathematics;MSBXMNR-DISCRET,Discontinued,Study Area A Unit Sets (Historical Only)
[Study_Area_Plan__c],,,a0JBn000000MwAHMA0,a0JBn000000MwAHMA0,PE-1203553,a2vOm000000Ly2rIAC,,SAP-397274,Yes,0039r000000HGYKAA8,0039r000000HGYKAA8,Stuart Chalton;stuart.charlton@qut.edu.au,1,Medical/Surgical Nursing Major,a2wOm000001yJYyIAM,a2wOm000001yJYyIAM,Statistics;MSBXMNR-STATS,Discontinued,Study Area A Unit Sets (Historical Only)
[Study_Area_Plan__c],,,a0JBn000000MwRyMAK,a0JBn000000MwRyMAK,PE-1203609,a2vOm000000Ly2sIAC,,SAP-397275,Yes,0039r000000HGYKAA8,0039r000000HGYKAA8,Stuart Chalton;stuart.charlton@qut.edu.au,1,Medical/Surgical Nursing Major,a2wOm000001yJYzIAM,a2wOm000001yJYzIAM,Mathematics;MSBXMNR-MATHS,Discontinued,Study Area A Unit Sets (Historical Only)
[Study_Area_Plan__c],,,a0JBn000000MwbdMAC,a0JBn000000MwbdMAC,PE-1203549,a2vOm000000Ly2tIAC,,SAP-397276,Yes,0039r000000HGYKAA8,0039r000000HGYKAA8,Stuart Chalton;stuart.charlton@qut.edu.au,1,Medical/Surgical Nursing Major,a2wOm000001yJZ0IAM,a2wOm000001yJZ0IAM,Advanced Journalism;KJ32MNR-ADVJOUR,Discontinued,Study Area A Unit Sets (Historical Only)
[Study_Area_Plan__c],,,a0JBn000000MwdFMAS,a0JBn000000MwdFMAS,PE-1203550,a2vOm000000Ly2uIAC,,SAP-397277,Yes,0039r000000HGYKAA8,0039r000000HGYKAA8,Stuart Chalton;stuart.charlton@qut.edu.au,1,Medical/Surgical Nursing Major,a2wOm000001yJZ1IAM,a2wOm000001yJZ1IAM,Work Integrated Learning;DE40MNR-WKLRNG,Discontinued,Study Area A Unit Sets (Historical Only)
[Study_Area_Plan__c],,,a0JBn000000MwerMAC,a0JBn000000MwerMAC,PE-1203551,a2vOm000000Ly2vIAC,,SAP-397278,Yes,0039r000000HGYKAA8,0039r000000HGYKAA8,Stuart Chalton;stuart.charlton@qut.edu.au,2,Medical/Surgical Nursing Major,a2wOm000001yJZ2IAM,a2wOm000001yJZ2IAM,Finance;BSBXMJR-FINANCE,Discontinued,Study Area A Unit Sets (Historical Only)
[Study_Area_Plan__c],,,a0JBn000000MwgTMAS,a0JBn000000MwgTMAS,PE-1203552,a2vOm000000Ly2wIAC,,SAP-397279,Yes,0039r000000HGYKAA8,0039r000000HGYKAA8,Stuart Chalton;stuart.charlton@qut.edu.au,3,Medical/Surgical Nursing Major,a2wOm000001yJZ3IAM,a2wOm000001yJZ3IAM,Professional Accounting;BS79MJR-PRFACCG,Discontinued,Study Area A Unit Sets (Historical Only)
[Study_Area_Plan__c],,,a0JBn000000MwgUMAS,a0JBn000000MwgUMAS,PE-1203580,a2vOm000000Ly2xIAC,,SAP-397280,Yes,0039r000000HGYKAA8,0039r000000HGYKAA8,Stuart Chalton;stuart.charlton@qut.edu.au,1,Medical/Surgical Nursing Major,a2wOm000001yJZ4IAM,a2wOm000001yJZ4IAM,Finance;BS0XMNR-FINANCE,Discontinued,Study Area A Unit Sets (Historical Only)
[Study_Area_Plan__c],,,a0JBn000000Mwi5MAC,a0JBn000000Mwi5MAC,PE-1203554,a2vOm000000Ly2yIAC,,SAP-397281,Yes,0039r000000HGYKAA8,0039r000000HGYKAA8,Stuart Chalton;stuart.charlton@qut.edu.au,2,Medical/Surgical Nursing Major,a2wOm000001yJZ5IAM,a2wOm000001yJZ5IAM,Philanthropy and Nonprofit Studies;BSPXMJR-PHILNPS,Discontinued,Study Area A Unit Sets (Historical Only)
[Study_Area_Plan__c],,,a0JBn000000MwjhMAC,a0JBn000000MwjhMAC,PE-1203555,a2vOm000000Ly2zIAC,,SAP-397282,Yes,0039r000000HGYKAA8,0039r000000HGYKAA8,Stuart Chalton;stuart.charlton@qut.edu.au,1,Medical/Surgical Nursing Major,a2wOm000001yJZ6IAM,a2wOm000001yJZ6IAM,Philanthropy and Nonprofit Studies;BS18MJR-PHILNPS,Discontinued,Study Area A Unit Sets (Historical Only)
[Study_Area_Plan__c],,,a0JBn000000MwjiMAC,a0JBn000000MwjiMAC,PE-1203576,a2vOm000000Ly30IAC,,SAP-397283,Yes,0039r000000HGYKAA8,0039r000000HGYKAA8,Stuart Chalton;stuart.charlton@qut.edu.au,1,Medical/Surgical Nursing Major,a2wOm000001yJZ7IAM,a2wOm000001yJZ7IAM,Applied Finance;BS18MJR-AFINMGT,Discontinued,Study Area A Unit Sets (Historical Only)
[Study_Area_Plan__c],,,a0JBn000000MwlJMAS,a0JBn000000MwlJMAS,PE-1203556,a2vOm000000Ly31IAC,,SAP-397284,Yes,0039r000000HGYKAA8,0039r000000HGYKAA8,Stuart Chalton;stuart.charlton@qut.edu.au,2,Medical/Surgical Nursing Major,a2wOm000001yJZ8IAM,a2wOm000001yJZ8IAM,Applied Finance;BS79MJR-APPLFIN,Discontinued,Study Area A Unit Sets (Historical Only)
[Study_Area_Plan__c],,,a0JBn000000MwmvMAC,a0JBn000000MwmvMAC,PE-1203557,a2vOm000000Ly32IAC,,SAP-397285,Yes,0039r000000HGYKAA8,0039r000000HGYKAA8,Stuart Chalton;stuart.charlton@qut.edu.au,3,Medical/Surgical Nursing Major,a2wOm000001yJZ9IAM,a2wOm000001yJZ9IAM,Finance;BSBXSMJ-FINANCE,Discontinued,Study Area A Unit Sets (Historical Only)
[Study_Area_Plan__c],,,a0JBn000000MwoXMAS,a0JBn000000MwoXMAS,PE-1203558,a2vOm000000Ly33IAC,,SAP-397286,Yes,0039r000000HGYKAA8,0039r000000HGYKAA8,Stuart Chalton;stuart.charlton@qut.edu.au,1,Medical/Surgical Nursing Major,a2wOm000001yJZAIA2,a2wOm000001yJZAIA2,Acute Care;NSPXMJR-ACUTE,Discontinued,Study Area A Unit Sets (Historical Only)
[Study_Area_Plan__c],,,a0JBn000000Mwq9MAC,a0JBn000000Mwq9MAC,PE-1203559,a2vOm000000Ly34IAC,,SAP-397287,Yes,0039r000000HGYKAA8,0039r000000HGYKAA8,Stuart Chalton;stuart.charlton@qut.edu.au,1,Medical/Surgical Nursing Major,a2wOm000001yJZBIA2,a2wOm000001yJZBIA2,Cancer Nursing;NSPXMJR-CANCER,Discontinued,Study Area A Unit Sets (Historical Only)
[Study_Area_Plan__c],,,a0JBn000000MwrlMAC,a0JBn000000MwrlMAC,PE-1203560,a2vOm000000Ly35IAC,,SAP-397288,Yes,0039r000000HGYKAA8,0039r000000HGYKAA8,Stuart Chalton;stuart.charlton@qut.edu.au,2,Medical/Surgical Nursing Major,a2wOm000001yJZCIA2,a2wOm000001yJZCIA2,Information Systems;INBXMNR-INFOSYS,Discontinued,Study Area A Unit Sets (Historical Only)
[Study_Area_Plan__c],,,a0JBn000000MwtNMAS,a0JBn000000MwtNMAS,PE-1203561,a2vOm000000Ly36IAC,,SAP-397289,Yes,0039r000000HGYKAA8,0039r000000HGYKAA8,Stuart Chalton;stuart.charlton@qut.edu.au,1,Medical/Surgical Nursing Major,a2wOm000001yJZDIA2,a2wOm000001yJZDIA2,Development and Valuation;UD10MJR-DEVVAL,Discontinued,Study Area A Unit Sets (Historical Only)
[Study_Area_Plan__c],,,a0JBn000000MwuzMAC,a0JBn000000MwuzMAC,PE-1203562,a2vOm000000Ly37IAC,,SAP-397290,Yes,0039r000000HGYKAA8,0039r000000HGYKAA8,Stuart Chalton;stuart.charlton@qut.edu.au,1,Medical/Surgical Nursing Major,a2wOm000001yJZEIA2,a2wOm000001yJZEIA2,Computational and Simulation Science;MS01SMJ-COMPSIM,Discontinued,Study Area A Unit Sets (Historical Only)
[Study_Area_Plan__c],,,a0JBn000000MwwbMAC,a0JBn000000MwwbMAC,PE-1203563,a2vOm000000Ly38IAC,,SAP-397291,Yes,0039r000000HGYKAA8,0039r000000HGYKAA8,Stuart Chalton;stuart.charlton@qut.edu.au,1,Medical/Surgical Nursing Major,a2wOm000001yJZFIA2,a2wOm000001yJZFIA2,Earth Sciences;ST10MJR-EARTHSC,Discontinued,Study Area A Unit Sets (Historical Only)
[Study_Area_Plan__c],,,a0JBn000000MwwcMAC,a0JBn000000MwwcMAC,PE-1203566,a2vOm000000Ly39IAC,,SAP-397292,Yes,0039r000000HGYKAA8,0039r000000HGYKAA8,Stuart Chalton;stuart.charlton@qut.edu.au,1,Medical/Surgical Nursing Major,a2wOm000001yJZGIA2,a2wOm000001yJZGIA2,Human Health and Disease;ST01MNR-HUMHLH,Discontinued,Study Area A Unit Sets (Historical Only)
[Study_Area_Plan__c],,,a0JBn000000MwyDMAS,a0JBn000000MwyDMAS,PE-1203564,a2vOm000000Ly3AIAS,,SAP-397293,Yes,0039r000000HGYKAA8,0039r000000HGYKAA8,Stuart Chalton;stuart.charlton@qut.edu.au,1,Medical/Surgical Nursing Major,a2wOm000001yJZHIA2,a2wOm000001yJZHIA2,Networks and Security;IN01MNR-NETSECU,Discontinued,Study Area A Unit Sets (Historical Only)
[Study_Area_Plan__c],,,a0JBn000000MwzpMAC,a0JBn000000MwzpMAC,PE-1203565,a2vOm000000Ly3BIAS,,SAP-397294,Yes,0039r000000HGYKAA8,0039r000000HGYKAA8,Stuart Chalton;stuart.charlton@qut.edu.au,1,Medical/Surgical Nursing Major,a2wOm000001yJZIIA2,a2wOm000001yJZIIA2,Corporate IT Systems;ITBXSMJ-CORPSYS,Discontinued,Study Area A Unit Sets (Historical Only)
[Study_Area_Plan__c],,,a0JBn000000Mx1RMAS,a0JBn000000Mx1RMAS,PE-1203568,a2vOm000000Ly3CIAS,,SAP-397295,Yes,0039r000000HGYKAA8,0039r000000HGYKAA8,Stuart Chalton;stuart.charlton@qut.edu.au,1,Medical/Surgical Nursing Major,a2wOm000001yJZJIA2,a2wOm000001yJZJIA2,Human Biomolecular Sciences;ST01SMJ-HUMBIO,Discontinued,Study Area A Unit Sets (Historical Only)
[Study_Area_Plan__c],,,a0JBn000000Mx1SMAS,a0JBn000000Mx1SMAS,PE-1203572,a2vOm000000Ly3DIAS,,SAP-397296,Yes,0039r000000HGYKAA8,0039r000000HGYKAA8,Stuart Chalton;stuart.charlton@qut.edu.au,2,Medical/Surgical Nursing Major,a2wOm000001yJZKIA2,a2wOm000001yJZKIA2,Civil and Environmental;EN40EXT-CIVENVX,Discontinued,Study Area A Unit Sets (Historical Only)
[Study_Area_Plan__c],,,a0JBn000000Mx33MAC,a0JBn000000Mx33MAC,PE-1203567,a2vOm000000Ly3EIAS,,SAP-397297,Yes,0039r000000HGYKAA8,0039r000000HGYKAA8,Stuart Chalton;stuart.charlton@qut.edu.au,1,Medical/Surgical Nursing Major,a2wOm000001yJZLIA2,a2wOm000001yJZLIA2,Civil and Construction Engineering;EN40MJR-CVCOENG,Discontinued,Study Area A Unit Sets (Historical Only)
[Study_Area_Plan__c],,,a0JBn000000Mx4fMAC,a0JBn000000Mx4fMAC,PE-1203569,a2vOm000000Ly3FIAS,,SAP-397298,Yes,0039r000000HGYKAA8,0039r000000HGYKAA8,Stuart Chalton;stuart.charlton@qut.edu.au,2,Medical/Surgical Nursing Major,a2wOm000001yJZMIA2,a2wOm000001yJZMIA2,General Studies;EU70MJR-GENSTUD,Discontinued,Study Area A Unit Sets (Historical Only)
[Study_Area_Plan__c],,,a0JBn000000Mx6HMAS,a0JBn000000Mx6HMAS,PE-1203570,a2vOm000000Ly3GIAS,,SAP-397299,Yes,0039r000000HGYKAA8,0039r000000HGYKAA8,Stuart Chalton;stuart.charlton@qut.edu.au,1,Medical/Surgical Nursing Major,a2wOm000001yJZNIA2,a2wOm000001yJZNIA2,Civil Engineering;EN40MJR-CVILENG,Discontinued,Study Area A Unit Sets (Historical Only)
[Study_Area_Plan__c],,,a0JBn000000Mx7tMAC,a0JBn000000Mx7tMAC,PE-1203571,a2vOm000000Ly3HIAS,,SAP-397300,Yes,0039r000000HGYKAA8,0039r000000HGYKAA8,Stuart Chalton;stuart.charlton@qut.edu.au,3,Medical/Surgical Nursing Major,a2wOm000001yJZOIA2,a2wOm000001yJZOIA2,Process Engineering;EN40MJR-PROCENG,Discontinued,Study Area A Unit Sets (Historical Only)
[Study_Area_Plan__c],,,a0JBn000000Mx9VMAS,a0JBn000000Mx9VMAS,PE-1203573,a2vOm000000Ly3IIAS,,SAP-397301,Yes,0039r000000HGYKAA8,0039r000000HGYKAA8,Stuart Chalton;stuart.charlton@qut.edu.au,1,Medical/Surgical Nursing Major,a2wOm000001yJZPIA2,a2wOm000001yJZPIA2,Civil and Construction Engineering Applications;EN40MNR-APPCVCO,Discontinued,Study Area A Unit Sets (Historical Only)
[Study_Area_Plan__c],,,a0JBn000000MxB7MAK,a0JBn000000MxB7MAK,PE-1203574,a2vOm000000Ly3JIAS,,SAP-397302,Yes,0039r000000HGYKAA8,0039r000000HGYKAA8,Stuart Chalton;stuart.charlton@qut.edu.au,1,Medical/Surgical Nursing Major,a2wOm000001yJZQIA2,a2wOm000001yJZQIA2,Civil and Environmental Engineering Applications;EN40MNR-APPCVEN,Discontinued,Study Area A Unit Sets (Historical Only)
[Study_Area_Plan__c],,,a0JBn000000MxB8MAK,a0JBn000000MxB8MAK,PE-1203628,a2vOm000000Ly3KIAS,,SAP-397303,Yes,0039r000000HGYKAA8,0039r000000HGYKAA8,Stuart Chalton;stuart.charlton@qut.edu.au,1,Medical/Surgical Nursing Major,a2wOm000001yJZRIA2,a2wOm000001yJZRIA2,Inclusive Education;EU60MJR-INCLUED,Discontinued,Study Area A Unit Sets (Historical Only)
[Study_Area_Plan__c],,,a0JBn000000MxB9MAK,a0JBn000000MxB9MAK,PE-1203630,a2vOm000000Ly3LIAS,,SAP-397304,Yes,0039r000000HGYKAA8,0039r000000HGYKAA8,Stuart Chalton;stuart.charlton@qut.edu.au,1,Medical/Surgical Nursing Major,a2wOm000001yJZSIA2,a2wOm000001yJZSIA2,TESOL;EU60MJR-TESOL,Discontinued,Study Area A Unit Sets (Historical Only)
[Study_Area_Plan__c],,,a0JBn000000MxCjMAK,a0JBn000000MxCjMAK,PE-1203575,a2vOm000000Ly3MIAS,,SAP-397305,Yes,0039r000000HGYKAA8,0039r000000HGYKAA8,Stuart Chalton;stuart.charlton@qut.edu.au,1,Medical/Surgical Nursing Major,a2wOm000001yJZTIA2,a2wOm000001yJZTIA2,Games Design;ITBXSMJ-GAMEDES,Discontinued,Study Area A Unit Sets (Historical Only)
[Study_Area_Plan__c],,,a0JBn000000MxCkMAK,a0JBn000000MxCkMAK,PE-1203624,a2vOm000000Ly3NIAS,,SAP-397306,Yes,0039r000000HGYKAA8,0039r000000HGYKAA8,Stuart Chalton;stuart.charlton@qut.edu.au,1,Medical/Surgical Nursing Major,a2wOm000001yJZUIA2,a2wOm000001yJZUIA2,Mechatronics;EN01MJR-MECHATN,Discontinued,Study Area A Unit Sets (Historical Only)
[Study_Area_Plan__c],,,a0JBn000000MxClMAK,a0JBn000000MxClMAK,PE-1203626,a2vOm000000Ly3OIAS,,SAP-397307,Yes,0039r000000HGYKAA8,0039r000000HGYKAA8,Stuart Chalton;stuart.charlton@qut.edu.au,1,Medical/Surgical Nursing Major,a2wOm000001yJZVIA2,a2wOm000001yJZVIA2,Collaborative Digital Design;DEBXMNR-CDIGDES,Discontinued,Study Area A Unit Sets (Historical Only)
[Study_Area_Plan__c],,,a0JBn000000MxELMA0,a0JBn000000MxELMA0,PE-1203577,a2vOm000000Ly3PIAS,,SAP-397308,Yes,0039r000000HGYKAA8,0039r000000HGYKAA8,Stuart Chalton;stuart.charlton@qut.edu.au,1,Medical/Surgical Nursing Major,a2wOm000001yJZWIA2,a2wOm000001yJZWIA2,Medical Engineering;EN01MJR-MEDIENG,Discontinued,Study Area A Unit Sets (Historical Only)
[Study_Area_Plan__c],,,a0JBn000000MxFxMAK,a0JBn000000MxFxMAK,PE-1203578,a2vOm000000Ly3QIAS,,SAP-397309,Yes,0039r000000HGYKAA8,0039r000000HGYKAA8,Stuart Chalton;stuart.charlton@qut.edu.au,1,Medical/Surgical Nursing Major,a2wOm000001yJZXIA2,a2wOm000001yJZXIA2,Complex Program Leadership;GS50MNR-CPGLDSP,Discontinued,Study Area A Unit Sets (Historical Only)
[Study_Area_Plan__c],,,a0JBn000000MxHZMA0,a0JBn000000MxHZMA0,PE-1203579,a2vOm000000Ly3RIAS,,SAP-397310,Yes,0039r000000HGYKAA8,0039r000000HGYKAA8,Stuart Chalton;stuart.charlton@qut.edu.au,1,Medical/Surgical Nursing Major,a2wOm000001yJZYIA2,a2wOm000001yJZYIA2,Cell and Molecular Biotechnology;LS40MNR-CELLMOL,Discontinued,Study Area A Unit Sets (Historical Only)
[Study_Area_Plan__c],,,a0JBn000000MxHaMAK,a0JBn000000MxHaMAK,PE-1203738,a2vOm000000Ly3SIAS,,SAP-397311,Yes,0039r000000HGYKAA8,0039r000000HGYKAA8,Stuart Chalton;stuart.charlton@qut.edu.au,1,Medical/Surgical Nursing Major,a2wOm000001yJZZIA2,a2wOm000001yJZZIA2,Medical Physics;PH71MJR-MEDPHY,Discontinued,Study Area A Unit Sets (Historical Only)
[Study_Area_Plan__c],,,a0JBn000000MxJBMA0,a0JBn000000MxJBMA0,PE-1203581,a2vOm000000Ly3TIAS,,SAP-397312,Yes,0039r000000HGYKAA8,0039r000000HGYKAA8,Stuart Chalton;stuart.charlton@qut.edu.au,1,Medical/Surgical Nursing Major,a2wOm000001yJZaIAM,a2wOm000001yJZaIAM,Intermediate Science;ED59MNR-INTSCI,Discontinued,Study Area A Unit Sets (Historical Only)
[Study_Area_Plan__c],,,a0JBn000000MxKnMAK,a0JBn000000MxKnMAK,PE-1203582,a2vOm000000Ly3UIAS,,SAP-397313,Yes,0039r000000HGYKAA8,0039r000000HGYKAA8,Stuart Chalton;stuart.charlton@qut.edu.au,2,Medical/Surgical Nursing Major,a2wOm000001yJZbIAM,a2wOm000001yJZbIAM,Marketing;BS11MJR-MRKTING,Discontinued,Study Area A Unit Sets (Historical Only)
[Study_Area_Plan__c],,,a0JBn000000MxKoMAK,a0JBn000000MxKoMAK,PE-1203667,a2vOm000000Ly3VIAS,,SAP-397314,Yes,0039r000000HGYKAA8,0039r000000HGYKAA8,Stuart Chalton;stuart.charlton@qut.edu.au,2,Medical/Surgical Nursing Major,a2wOm000001yJZcIAM,a2wOm000001yJZcIAM,Philanthropy and Nonprofit Studies;BS11MJR-PHILNPS,Discontinued,Study Area A Unit Sets (Historical Only)
[Study_Area_Plan__c],,,a0JBn000000MxMPMA0,a0JBn000000MxMPMA0,PE-1203583,a2vOm000000Ly3WIAS,,SAP-397315,Yes,0039r000000HGYKAA8,0039r000000HGYKAA8,Stuart Chalton;stuart.charlton@qut.edu.au,1,Medical/Surgical Nursing Major,a2wOm000001yJZdIAM,a2wOm000001yJZdIAM,Professional Accounting;BS11MJR-PRFACCG,Discontinued,Study Area A Unit Sets (Historical Only)
[Study_Area_Plan__c],,,a0JBn000000MxMQMA0,a0JBn000000MxMQMA0,PE-1203601,a2vOm000000Ly3XIAS,,SAP-397316,Yes,0039r000000HGYKAA8,0039r000000HGYKAA8,Stuart Chalton;stuart.charlton@qut.edu.au,1,Medical/Surgical Nursing Major,a2wOm000001yJZeIAM,a2wOm000001yJZeIAM,Strategic Advertising;BS11MJR-STRTADV,Discontinued,Study Area A Unit Sets (Historical Only)
[Study_Area_Plan__c],,,a0JBn000000MxO1MAK,a0JBn000000MxO1MAK,PE-1203584,a2vOm000000Ly3YIAS,,SAP-397317,Yes,0039r000000HGYKAA8,0039r000000HGYKAA8,Stuart Chalton;stuart.charlton@qut.edu.au,1,Medical/Surgical Nursing Major,a2wOm000001yJZfIAM,a2wOm000001yJZfIAM,Human Resource Management;BS39MJR-HRMGMNT,Discontinued,Study Area A Unit Sets (Historical Only)
[Study_Area_Plan__c],,,a0JBn000000MxO2MAK,a0JBn000000MxO2MAK,PE-1203620,a2vOm000000Ly3ZIAS,,SAP-397318,Yes,0039r000000HGYKAA8,0039r000000HGYKAA8,Stuart Chalton;stuart.charlton@qut.edu.au,1,Medical/Surgical Nursing Major,a2wOm000001yJZgIAM,a2wOm000001yJZgIAM,Human Resource Management;BS39MJR-HRMGTCG,Discontinued,Study Area A Unit Sets (Historical Only)
[Study_Area_Plan__c],,,a0JBn000000MxPdMAK,a0JBn000000MxPdMAK,PE-1203585,a2vOm000000Ly3aIAC,,SAP-397319,Yes,0039r000000HGYKAA8,0039r000000HGYKAA8,Stuart Chalton;stuart.charlton@qut.edu.au,1,Medical/Surgical Nursing Major,a2wOm000001yJZhIAM,a2wOm000001yJZhIAM,International Business;BS39MJR-INTLBUS,Discontinued,Study Area A Unit Sets (Historical Only)
[Study_Area_Plan__c],,,a0JBn000000MxPeMAK,a0JBn000000MxPeMAK,PE-1203715,a2vOm000000Ly3bIAC,,SAP-397320,Yes,0039r000000HGYKAA8,0039r000000HGYKAA8,Stuart Chalton;stuart.charlton@qut.edu.au,1,Medical/Surgical Nursing Major,a2wOm000001yJZiIAM,a2wOm000001yJZiIAM,Integrated Marketing Communication;BS39MJR-INTMKCM,Discontinued,Study Area A Unit Sets (Historical Only)
[Study_Area_Plan__c],,,a0JBn000000MxPfMAK,a0JBn000000MxPfMAK,PE-1203717,a2vOm000000Ly3cIAC,,SAP-397321,Yes,0039r000000HGYKAA8,0039r000000HGYKAA8,Stuart Chalton;stuart.charlton@qut.edu.au,2,Medical/Surgical Nursing Major,a2wOm000001yJZjIAM,a2wOm000001yJZjIAM,Marketing;BS39MJR-MRKTING,Discontinued,Study Area A Unit Sets (Historical Only)
[Study_Area_Plan__c],,,a0JBn000000MxPgMAK,a0JBn000000MxPgMAK,PE-1203746,a2vOm000000Ly3dIAC,,SAP-397322,Yes,0039r000000HGYKAA8,0039r000000HGYKAA8,Stuart Chalton;stuart.charlton@qut.edu.au,1,Medical/Surgical Nursing Major,a2wOm000001yJZkIAM,a2wOm000001yJZkIAM,Professional Accounting;BS39MJR-PRFACCG,Discontinued,Study Area A Unit Sets (Historical Only)
[Study_Area_Plan__c],,,a0JBn000000MxSrMAK,a0JBn000000MxSrMAK,PE-1203586,a2vOm000000Ly3eIAC,,SAP-397323,Yes,0039r000000HGYKAA8,0039r000000HGYKAA8,Stuart Chalton;stuart.charlton@qut.edu.au,1,Medical/Surgical Nursing Major,a2wOm000001yJZlIAM,a2wOm000001yJZlIAM,Public Relations;BS39MJR-PUBRELS,Discontinued,Study Area A Unit Sets (Historical Only)
[Study_Area_Plan__c],,,a0JBn000000MxUTMA0,a0JBn000000MxUTMA0,PE-1203587,a2vOm000000Ly3fIAC,,SAP-397324,Yes,0039r000000HGYKAA8,0039r000000HGYKAA8,Stuart Chalton;stuart.charlton@qut.edu.au,1,Medical/Surgical Nursing Major,a2wOm000001yJZmIAM,a2wOm000001yJZmIAM,Strategic Advertising;BS39MJR-STRTADV,Discontinued,Study Area A Unit Sets (Historical Only)
[Study_Area_Plan__c],,,a0JBn000000MxUUMA0,a0JBn000000MxUUMA0,PE-1203651,a2vOm000000Ly3gIAC,,SAP-397325,Yes,0039r000000HGYKAA8,0039r000000HGYKAA8,Stuart Chalton;stuart.charlton@qut.edu.au,2,Medical/Surgical Nursing Major,a2wOm000001yJZnIAM,a2wOm000001yJZnIAM,Discrete Mathematics;MS01MNR-DISCRET,Discontinued,Study Area A Unit Sets (Historical Only)
[Study_Area_Plan__c],,,a0JBn000000MxW5MAK,a0JBn000000MxW5MAK,PE-1203588,a2vOm000000Ly3hIAC,,SAP-397326,Yes,0039r000000HGYKAA8,0039r000000HGYKAA8,Stuart Chalton;stuart.charlton@qut.edu.au,1,Medical/Surgical Nursing Major,a2wOm000001yJZoIAM,a2wOm000001yJZoIAM,Dynamics;EN40MNR-DYNAMIC,Discontinued,Study Area A Unit Sets (Historical Only)
[Study_Area_Plan__c],,,a0JBn000000MxW6MAK,a0JBn000000MxW6MAK,PE-1203594,a2vOm000000Ly3iIAC,,SAP-397327,Yes,0039r000000HGYKAA8,0039r000000HGYKAA8,Stuart Chalton;stuart.charlton@qut.edu.au,1,Medical/Surgical Nursing Major,a2wOm000001yJZpIAM,a2wOm000001yJZpIAM,Materials and Design;EN40MNR-MATLDES,Discontinued,Study Area A Unit Sets (Historical Only)
[Study_Area_Plan__c],,,a0JBn000000MxXhMAK,a0JBn000000MxXhMAK,PE-1203589,a2vOm000000Ly3jIAC,,SAP-397328,Yes,0039r000000HGYKAA8,0039r000000HGYKAA8,Stuart Chalton;stuart.charlton@qut.edu.au,2,Medical/Surgical Nursing Major,a2wOm000001yJZqIAM,a2wOm000001yJZqIAM,Medical Engineering;EN40MNR-MEDICAL,Discontinued,Study Area A Unit Sets (Historical Only)
[Study_Area_Plan__c],,,a0JBn000000MxXiMAK,a0JBn000000MxXiMAK,PE-1203605,a2vOm000000Ly3kIAC,,SAP-397329,Yes,0039r000000HGYKAA8,0039r000000HGYKAA8,Stuart Chalton;stuart.charlton@qut.edu.au,3,Medical/Surgical Nursing Major,a2wOm000001yJZrIAM,a2wOm000001yJZrIAM,Robotics;EN40MNR-ROBOTIC,Discontinued,Study Area A Unit Sets (Historical Only)
[Study_Area_Plan__c],,,a0JBn000000MxZJMA0,a0JBn000000MxZJMA0,PE-1203590,a2vOm000000Ly3lIAC,,SAP-397330,Yes,0039r000000HGYKAA8,0039r000000HGYKAA8,Stuart Chalton;stuart.charlton@qut.edu.au,4,Medical/Surgical Nursing Major,a2wOm000001yJZsIAM,a2wOm000001yJZsIAM,Thermofluids;EN40MNR-THERMOS,Discontinued,Study Area A Unit Sets (Historical Only)
[Study_Area_Plan__c],,,a0JBn000000MxavMAC,a0JBn000000MxavMAC,PE-1203591,a2vOm000000Ly3mIAC,,SAP-397331,Yes,0039r000000HGYKAA8,0039r000000HGYKAA8,Stuart Chalton;stuart.charlton@qut.edu.au,5,Medical/Surgical Nursing Major,a2wOm000001yJZtIAM,a2wOm000001yJZtIAM,Accounting;BS17MJR-ACCOUNT,Discontinued,Study Area A Unit Sets (Historical Only)
[Study_Area_Plan__c],,,a0JBn000000MxcXMAS,a0JBn000000MxcXMAS,PE-1203592,a2vOm000000Ly3nIAC,,SAP-397332,Yes,0039r000000HGYKAA8,0039r000000HGYKAA8,Stuart Chalton;stuart.charlton@qut.edu.au,1,Medical/Surgical Nursing Major,a2wOm000001yJZuIAM,a2wOm000001yJZuIAM,Genetics and Genomics;ST01MNR-GENGEN,Discontinued,Study Area A Unit Sets (Historical Only)
[Study_Area_Plan__c],,,a0JBn000000Mxe9MAC,a0JBn000000Mxe9MAC,PE-1203593,a2vOm000000Ly3oIAC,,SAP-397333,No,0039r000000HGYKAA8,0039r000000HGYKAA8,Stuart Chalton;stuart.charlton@qut.edu.au,2,Medical/Surgical Nursing Major,a2wOm000001yJZvIAM,a2wOm000001yJZvIAM,Spatial Sc;STBXMNR-SPATIAL,Discontinued,Study Area A Unit Sets (Historical Only)
[Study_Area_Plan__c],,,a0JBn000000MxflMAC,a0JBn000000MxflMAC,PE-1203595,a2vOm000000Ly3pIAC,,SAP-397334,Yes,0039r000000HGYKAA8,0039r000000HGYKAA8,Stuart Chalton;stuart.charlton@qut.edu.au,1,Medical/Surgical Nursing Major,a2wOm000001yJZwIAM,a2wOm000001yJZwIAM,Management;BS39MJR-MGMTEXT,Discontinued,Study Area A Unit Sets (Historical Only)
[Study_Area_Plan__c],,,a0JBn000000MxhOMAS,a0JBn000000MxhOMAS,PE-1203622,a2vOm000000Ly3qIAC,,SAP-397335,Yes,0039r000000HGYKAA8,0039r000000HGYKAA8,Stuart Chalton;stuart.charlton@qut.edu.au,1,Medical/Surgical Nursing Major,a2wOm000001yJZxIAM,a2wOm000001yJZxIAM,Social Technology;IN01MNR-SOCTECH,Discontinued,Study Area A Unit Sets (Historical Only)
[Study_Area_Plan__c],,,a0JBn000000Mxj0MAC,a0JBn000000Mxj0MAC,PE-1203612,a2vOm000000Ly3rIAC,,SAP-397336,Yes,0039r000000HGYKAA8,0039r000000HGYKAA8,Stuart Chalton;stuart.charlton@qut.edu.au,1,Medical/Surgical Nursing Major,a2wOm000001yJZyIAM,a2wOm000001yJZyIAM,Career Development;EU60MJR-CRDVLPT,Discontinued,Study Area A Unit Sets (Historical Only)
[Study_Area_Plan__c],,,a0JBn000000MxkbMAC,a0JBn000000MxkbMAC,PE-1203596,a2vOm000000Ly3sIAC,,SAP-397337,Yes,0039r000000HGYKAA8,0039r000000HGYKAA8,Stuart Chalton;stuart.charlton@qut.edu.au,1,Medical/Surgical Nursing Major,a2wOm000001yJZzIAM,a2wOm000001yJZzIAM,Programming;IN01MNR-PROGRAM,Discontinued,Study Area A Unit Sets (Historical Only)
[Study_Area_Plan__c],,,a0JBn000000MxmDMAS,a0JBn000000MxmDMAS,PE-1203597,a2vOm000000Ly3tIAC,,SAP-397338,Yes,0039r000000HGYKAA8,0039r000000HGYKAA8,Stuart Chalton;stuart.charlton@qut.edu.au,2,Medical/Surgical Nursing Major,a2wOm000001yJa0IAE,a2wOm000001yJa0IAE,Biological Sciences;ST01MJR-BIOLOGY,Discontinued,Study Area A Unit Sets (Historical Only)
[Study_Area_Plan__c],,,a0JBn000000MxnpMAC,a0JBn000000MxnpMAC,PE-1203598,a2vOm000000Ly3uIAC,,SAP-397339,Yes,0039r000000HGYKAA8,0039r000000HGYKAA8,Stuart Chalton;stuart.charlton@qut.edu.au,1,Medical/Surgical Nursing Major,a2wOm000001yJa1IAE,a2wOm000001yJa1IAE,Data-Centric Computing;IN01MNR-CENTRIC,Discontinued,Study Area A Unit Sets (Historical Only)
[Study_Area_Plan__c],,,a0JBn000000MxnqMAC,a0JBn000000MxnqMAC,PE-1203656,a2vOm000000Ly3vIAC,,SAP-397340,Yes,0039r000000HGYKAA8,0039r000000HGYKAA8,Stuart Chalton;stuart.charlton@qut.edu.au,1,Medical/Surgical Nursing Major,a2wOm000001yJa2IAE,a2wOm000001yJa2IAE,Environmental Science;ST01MJR-ENVIRSC,Discontinued,Study Area A Unit Sets (Historical Only)
[Study_Area_Plan__c],,,a0JBn000000MxpRMAS,a0JBn000000MxpRMAS,PE-1203599,a2vOm000000Ly3wIAC,,SAP-397341,Yes,0039r000000HGYKAA8,0039r000000HGYKAA8,Stuart Chalton;stuart.charlton@qut.edu.au,1,Medical/Surgical Nursing Major,a2wOm000001yJa3IAE,a2wOm000001yJa3IAE,Property Experience;UDBXMNR-PROPEXP,Discontinued,Study Area A Unit Sets (Historical Only)
[Study_Area_Plan__c],,,a0JBn000000Mxr3MAC,a0JBn000000Mxr3MAC,PE-1203600,a2vOm000000Ly3xIAC,,SAP-397342,Yes,0039r000000HGYKAA8,0039r000000HGYKAA8,Stuart Chalton;stuart.charlton@qut.edu.au,2,Medical/Surgical Nursing Major,a2wOm000001yJa4IAE,a2wOm000001yJa4IAE,Wildlife Biology;ST01MNR-WILDBIO,Discontinued,Study Area A Unit Sets (Historical Only)
[Study_Area_Plan__c],,,a0JBn000000MxsfMAC,a0JBn000000MxsfMAC,PE-1203602,a2vOm000000Ly3yIAC,,SAP-397343,No,0039r000000HGYKAA8,0039r000000HGYKAA8,Stuart Chalton;stuart.charlton@qut.edu.au,1,Medical/Surgical Nursing Major,a2wOm000001yJa5IAE,a2wOm000001yJa5IAE,Integrated Marketing Communication;BS39MJR-IMCEXT,Discontinued,Study Area A Unit Sets (Historical Only)
[Study_Area_Plan__c],,,a0JBn000000MxsgMAC,a0JBn000000MxsgMAC,PE-1203615,a2vOm000000Ly3zIAC,,SAP-397344,Yes,0039r000000HGYKAA8,0039r000000HGYKAA8,Stuart Chalton;stuart.charlton@qut.edu.au,1,Medical/Surgical Nursing Major,a2wOm000001yJa6IAE,a2wOm000001yJa6IAE,Electrical Engineering;EN40MJR-ELECENG,Discontinued,Study Area A Unit Sets (Historical Only)
[Study_Area_Plan__c],,,a0JBn000000MxuHMAS,a0JBn000000MxuHMAS,PE-1203604,a2vOm000000Ly40IAC,,SAP-397345,Yes,0039r000000HGYKAA8,0039r000000HGYKAA8,Stuart Chalton;stuart.charlton@qut.edu.au,1,Medical/Surgical Nursing Major,a2wOm000001yJa7IAE,a2wOm000001yJa7IAE,Mechatronics;EN40MJR-MECHATN,Discontinued,Study Area A Unit Sets (Historical Only)
[Study_Area_Plan__c],,,a0JBn000000MxvtMAC,a0JBn000000MxvtMAC,PE-1203606,a2vOm000000Ly41IAC,,SAP-397346,Yes,0039r000000HGYKAA8,0039r000000HGYKAA8,Stuart Chalton;stuart.charlton@qut.edu.au,1,Medical/Surgical Nursing Major,a2wOm000001yJa8IAE,a2wOm000001yJa8IAE,Physiology Extension for Human Biomolecular Sciences;ST01EXT-PHYSIO,Discontinued,Study Area A Unit Sets (Historical Only)
[Study_Area_Plan__c],,,a0JBn000000MxvuMAC,a0JBn000000MxvuMAC,PE-1203652,a2vOm000000Ly42IAC,,SAP-397347,Yes,0039r000000HGYKAA8,0039r000000HGYKAA8,Stuart Chalton;stuart.charlton@qut.edu.au,2,Medical/Surgical Nursing Major,a2wOm000001yJa9IAE,a2wOm000001yJa9IAE,Microbiology Extension for Human Biomolecular Sciences;ST01EXT-MICRBIO,Discontinued,Study Area A Unit Sets (Historical Only)
[Study_Area_Plan__c],,,a0JBn000000MxvvMAC,a0JBn000000MxvvMAC,PE-1203721,a2vOm000000Ly43IAC,,SAP-397348,Yes,0039r000000HGYKAA8,0039r000000HGYKAA8,Stuart Chalton;stuart.charlton@qut.edu.au,1,Medical/Surgical Nursing Major,a2wOm000001yJaAIAU,a2wOm000001yJaAIAU,Online Environments;ITBXMNR-ONLINEE,Discontinued,Study Area A Unit Sets (Historical Only)
[Study_Area_Plan__c],,,a0JBn000000MxvwMAC,a0JBn000000MxvwMAC,PE-1203755,a2vOm000000Ly44IAC,,SAP-397349,Yes,0039r000000HGYKAA8,0039r000000HGYKAA8,Stuart Chalton;stuart.charlton@qut.edu.au,1,Medical/Surgical Nursing Major,a2wOm000001yJaBIAU,a2wOm000001yJaBIAU,Power & Energy Systems;EN40SMJ-POWRENG,Discontinued,Study Area A Unit Sets (Historical Only)
[Study_Area_Plan__c],,,a0JBn000000MxxVMAS,a0JBn000000MxxVMAS,PE-1203607,a2vOm000000Ly45IAC,,SAP-397350,Yes,0039r000000HGYKAA8,0039r000000HGYKAA8,Stuart Chalton;stuart.charlton@qut.edu.au,3,Medical/Surgical Nursing Major,a2wOm000001yJaCIAU,a2wOm000001yJaCIAU,Construction Contract Management;UDBXMNR-CONCONT,Discontinued,Study Area A Unit Sets (Historical Only)
[Study_Area_Plan__c],,,a0JBn000000MxxWMAS,a0JBn000000MxxWMAS,PE-1203688,a2vOm000000Ly46IAC,,SAP-397351,Yes,0039r000000HGYKAA8,0039r000000HGYKAA8,Stuart Chalton;stuart.charlton@qut.edu.au,2,Medical/Surgical Nursing Major,a2wOm000001yJaDIAU,a2wOm000001yJaDIAU,Construction Economics;UDBXMNR-CONECON,Discontinued,Study Area A Unit Sets (Historical Only)
[Study_Area_Plan__c],,,a0JBn000000Mxz7MAC,a0JBn000000Mxz7MAC,PE-1203608,a2vOm000000Ly47IAC,,SAP-397352,Yes,0039r000000HGYKAA8,0039r000000HGYKAA8,Stuart Chalton;stuart.charlton@qut.edu.au,1,Mathematics Major,a2wOm000001yJaEIAU,a2wOm000001yJaEIAU,Executive Information Practice;ITPXMJR-EXINFPR,Discontinued,Study Area A Unit Sets (Historical Only)
[Study_Area_Plan__c],,,a0JBn000000My0jMAC,a0JBn000000My0jMAC,PE-1203610,a2vOm000000Ly48IAC,,SAP-397353,Yes,0039r000000HGYKAA8,0039r000000HGYKAA8,Stuart Chalton;stuart.charlton@qut.edu.au,1,Mathematics Major,a2wOm000001yJaFIAU,a2wOm000001yJaFIAU,Civil and Environmental Engineering;EN40MJR-CVENENG,Discontinued,Study Area A Unit Sets (Historical Only)
[Study_Area_Plan__c],,,a0JBn000000My2LMAS,a0JBn000000My2LMAS,PE-1203611,a2vOm000000Ly49IAC,,SAP-397354,Yes,0039r000000HGYKAA8,0039r000000HGYKAA8,Stuart Chalton;stuart.charlton@qut.edu.au,1,Mathematics Major,a2wOm000001yJaGIAU,a2wOm000001yJaGIAU,Structural Engineering;ENBXSMJ-STRUCTL,Discontinued,Study Area A Unit Sets (Historical Only)
[Study_Area_Plan__c],,,a0JBn000000My3xMAC,a0JBn000000My3xMAC,PE-1203613,a2vOm000000Ly4AIAS,,SAP-397355,Yes,0039r000000HGYKAA8,0039r000000HGYKAA8,Stuart Chalton;stuart.charlton@qut.edu.au,1,Mathematics Major,a2wOm000001yJgpIAE,a2wOm000001yJgpIAE,Indigenous Studies Sub-major;KIS,Discontinued,Study Area A Unit Sets (Historical Only)
[Study_Area_Plan__c],,,a0JBn000000My5ZMAS,a0JBn000000My5ZMAS,PE-1203614,a2vOm000000Ly4BIAS,,SAP-397356,Yes,0039r000000HGYKAA8,0039r000000HGYKAA8,Stuart Chalton;stuart.charlton@qut.edu.au,1,Mathematics Major,a2wOm000001yJgqIAE,a2wOm000001yJgqIAE,Screen Studies Minor;KSM,Discontinued,Study Area A Unit Sets (Historical Only)
[Study_Area_Plan__c],,,a0JBn000000My5aMAC,a0JBn000000My5aMAC,PE-1203637,a2vOm000000Ly4CIAS,,SAP-397357,Yes,0039r000000HGYKAA8,0039r000000HGYKAA8,Stuart Chalton;stuart.charlton@qut.edu.au,1,Mathematics Major,a2wOm000001yJgrIAE,a2wOm000001yJgrIAE,Services Management Concentration;SMC,Discontinued,Study Area A Unit Sets (Historical Only)
[Study_Area_Plan__c],,,a0JBn000000My5bMAC,a0JBn000000My5bMAC,PE-1203643,a2vOm000000Ly4DIAS,,SAP-397358,Yes,0039r000000HGYKAA8,0039r000000HGYKAA8,Stuart Chalton;stuart.charlton@qut.edu.au,1,Mathematics Major,a2wOm000001yJgsIAE,a2wOm000001yJgsIAE,European Studies Minor;ESM,Discontinued,Study Area A Unit Sets (Historical Only)
[Study_Area_Plan__c],,,a0JBn000000My7BMAS,a0JBn000000My7BMAS,PE-1203616,a2vOm000000Ly4EIAS,,SAP-397359,Yes,0039r000000HGYKAA8,0039r000000HGYKAA8,Stuart Chalton;stuart.charlton@qut.edu.au,1,Mathematics Major,a2wOm000001yJgtIAE,a2wOm000001yJgtIAE,Law for Non-Lawyers Major;LNL,Discontinued,Study Area A Unit Sets (Historical Only)
[Study_Area_Plan__c],,,a0JBn000000My8nMAC,a0JBn000000My8nMAC,PE-1203617,a2vOm000000Ly4FIAS,,SAP-397360,Yes,0039r000000HGYKAA8,0039r000000HGYKAA8,Stuart Chalton;stuart.charlton@qut.edu.au,2,Mathematics Major,a2wOm000001yJguIAE,a2wOm000001yJguIAE,Guidance and Counselling Major B;GUC,Discontinued,Study Area A Unit Sets (Historical Only)
[Study_Area_Plan__c],,,a0JBn000000My8oMAC,a0JBn000000My8oMAC,PE-1203662,a2vOm000000Ly4GIAS,,SAP-397361,Yes,0039r000000HGYKAA8,0039r000000HGYKAA8,Stuart Chalton;stuart.charlton@qut.edu.au,1,Mathematics Major,a2wOm000001yJgvIAE,a2wOm000001yJgvIAE,Public Relations Minor;PRN,Discontinued,Study Area A Unit Sets (Historical Only)
[Study_Area_Plan__c],,,a0JBn000000MyAPMA0,a0JBn000000MyAPMA0,PE-1203618,a2vOm000000Ly4HIAS,,SAP-397362,Yes,0039r000000HGYKAA8,0039r000000HGYKAA8,Stuart Chalton;stuart.charlton@qut.edu.au,1,Mathematics Major,a2wOm000001yJgwIAE,a2wOm000001yJgwIAE,Civil and Environmental Major;ENO,Discontinued,Study Area A Unit Sets (Historical Only)
[Study_Area_Plan__c],,,a0JBn000000MyAQMA0,a0JBn000000MyAQMA0,PE-1203761,a2vOm000000Ly4IIAS,,SAP-397363,Yes,0039r000000HGYKAA8,0039r000000HGYKAA8,Stuart Chalton;stuart.charlton@qut.edu.au,1,Mathematics Major,a2wOm000001yJgxIAE,a2wOm000001yJgxIAE,Spatial Science Studies Major B;USS,Discontinued,Study Area A Unit Sets (Historical Only)
[Study_Area_Plan__c],,,a0JBn000000MyC1MAK,a0JBn000000MyC1MAK,PE-1203619,a2vOm000000Ly4JIAS,,SAP-397364,Yes,0039r000000HGYKAA8,0039r000000HGYKAA8,Stuart Chalton;stuart.charlton@qut.edu.au,1,Mathematics Major,a2wOm000001yJgyIAE,a2wOm000001yJgyIAE,Senior Years Major;SPL,Discontinued,Study Area A Unit Sets (Historical Only)
[Study_Area_Plan__c],,,a0JBn000000MyDdMAK,a0JBn000000MyDdMAK,PE-1203621,a2vOm000000Ly4KIAS,,SAP-397365,Yes,0039r000000HGYKAA8,0039r000000HGYKAA8,Stuart Chalton;stuart.charlton@qut.edu.au,1,Mathematics Major,a2wOm000001yJgzIAE,a2wOm000001yJgzIAE,Creative Writing Major;CRW,Discontinued,Study Area A Unit Sets (Historical Only)
[Study_Area_Plan__c],,,a0JBn000000MyFFMA0,a0JBn000000MyFFMA0,PE-1203623,a2vOm000000Ly4LIAS,,SAP-397366,Yes,0039r000000HGYKAA8,0039r000000HGYKAA8,Stuart Chalton;stuart.charlton@qut.edu.au,1,Mathematics Major,a2wOm000001yJh0IAE,a2wOm000001yJh0IAE,Communication Management Major;CMM,Discontinued,Study Area A Unit Sets (Historical Only)
[Study_Area_Plan__c],,,a0JBn000000MyGrMAK,a0JBn000000MyGrMAK,PE-1203625,a2vOm000000Ly4MIAS,,SAP-397367,Yes,0039r000000HGYKAA8,0039r000000HGYKAA8,Stuart Chalton;stuart.charlton@qut.edu.au,1,Mathematics Major,a2wOm000001yJh1IAE,a2wOm000001yJh1IAE,Nutrition and Dietetics Major;NUD,Discontinued,Study Area A Unit Sets (Historical Only)
[Study_Area_Plan__c],,,a0JBn000000MyGsMAK,a0JBn000000MyGsMAK,PE-1203635,a2vOm000000Ly4NIAS,,SAP-397368,Yes,0039r000000HGYKAA8,0039r000000HGYKAA8,Stuart Chalton;stuart.charlton@qut.edu.au,1,Mathematics Major,a2wOm000001yJh2IAE,a2wOm000001yJh2IAE,Communication Design Minor;KIM,Discontinued,Study Area A Unit Sets (Historical Only)
[Study_Area_Plan__c],,,a0JBn000000MyITMA0,a0JBn000000MyITMA0,PE-1203627,a2vOm000000Ly4OIAS,,SAP-397369,Yes,0039r000000HGYKAA8,0039r000000HGYKAA8,Stuart Chalton;stuart.charlton@qut.edu.au,1,Mathematics Major,a2wOm000001yJh3IAE,a2wOm000001yJh3IAE,Arts in Early Childhood Major;AEC,Discontinued,Study Area A Unit Sets (Historical Only)
[Study_Area_Plan__c],,,a0JBn000000MyK5MAK,a0JBn000000MyK5MAK,PE-1203629,a2vOm000000LynbIAC,,SAP-485378,Yes,0039r000000HGYKAA8,0039r000000HGYKAA8,Stuart Chalton;stuart.charlton@qut.edu.au,1,Accountancy Major,a2wOm000001yJh4IAE,a2wOm000001yJh4IAE,Theatre Management Major;THM,Phasing Out,Undergraduate Major
[Study_Area_Plan__c],,,a0JBn000000MyLhMAK,a0JBn000000MyLhMAK,PE-1203631,a2vOm000000LyncIAC,,SAP-485379,Yes,0039r000000HGYKAA8,0039r000000HGYKAA8,Stuart Chalton;stuart.charlton@qut.edu.au,1,Marketing Major,a2wOm000001yJh5IAE,a2wOm000001yJh5IAE,"Health, Safety and Environment Major;HSV",Phasing Out,Undergraduate Major
[Study_Area_Plan__c],,,a0JBn000000MyNJMA0,a0JBn000000MyNJMA0,PE-1203632,a2vOm000000LyndIAC,,SAP-485380,Yes,0039r000000HGYKAA8,0039r000000HGYKAA8,Stuart Chalton;stuart.charlton@qut.edu.au,1,Industrial Design Major,a2wOm000001yJh6IAE,a2wOm000001yJh6IAE,Educational Counselling Major;EDC,Phasing Out,Undergraduate Major
[Study_Area_Plan__c],,,a0JBn000000MyPAMA0,a0JBn000000MyPAMA0,PE-1203649,a2vOm000000LyneIAC,,SAP-485381,Yes,0039r000000HGYKAA8,0039r000000HGYKAA8,Stuart Chalton;stuart.charlton@qut.edu.au,1,Graphic Design Minor,a2wOm000001yJh7IAE,a2wOm000001yJh7IAE,Forensics Minor;FOM,Phasing Out,Undergraduate Minor
[Study_Area_Plan__c],,,a0JBn000000MyQXMA0,a0JBn000000MyQXMA0,PE-1203633,a2vOm000000LynfIAC,,SAP-485382,Yes,0039r000000HGYKAA8,0039r000000HGYKAA8,Stuart Chalton;stuart.charlton@qut.edu.au,1,Modern and Popular Literature and Culture Minor,a2wOm000001yJh8IAE,a2wOm000001yJh8IAE,Entrepreneurship Minor;ENN,Discontinued,Undergraduate Minor
[Study_Area_Plan__c],,,a0JBn000000MyS9MAK,a0JBn000000MyS9MAK,PE-1203634,a2vOm000000LyngIAC,,SAP-485383,Yes,0039r000000HGYKAA8,0039r000000HGYKAA8,Stuart Chalton;stuart.charlton@qut.edu.au,1,Chemistry Minor,a2wOm000001yJh9IAE,a2wOm000001yJh9IAE,Education in High Schools Major;SQ-EDHS,Active,Undergraduate Minor
[Study_Area_Plan__c],,,a0JBn000000MyTlMAK,a0JBn000000MyTlMAK,PE-1203636,a2vOm000000LynhIAC,,SAP-485384,No,0039r000000HGYKAA8,0039r000000HGYKAA8,Stuart Chalton;stuart.charlton@qut.edu.au,1,Advertising Major,a2wOm000001yJhAIAU,a2wOm000001yJhAIAU,Visual Arts Practice Minor;KYV,Phasing Out,Undergraduate Major
[Study_Area_Plan__c],,,a0JBn000000MyVNMA0,a0JBn000000MyVNMA0,PE-1203638,a2vOm000000LyniIAC,,SAP-485385,Yes,0039r000000HGYKAA8,0039r000000HGYKAA8,Stuart Chalton;stuart.charlton@qut.edu.au,1,Entertainment Major,a2wOm000001yJhBIAU,a2wOm000001yJhBIAU,Chemistry Co-major;CHC,Discontinued,Undergraduate Major
[Study_Area_Plan__c],,,a0JBn000000MyVOMA0,a0JBn000000MyVOMA0,PE-1203640,a2vOm000000LynjIAC,,SAP-485386,Yes,0039r000000HGYKAA8,0039r000000HGYKAA8,Stuart Chalton;stuart.charlton@qut.edu.au,1,Nursing Major,a2wOm000001yJhCIAU,a2wOm000001yJhCIAU,Games Design Major;WGD,Discontinued,Undergraduate Major
[Study_Area_Plan__c],,,a0JBn000000MyWzMAK,a0JBn000000MyWzMAK,PE-1203639,a2vOm000000LynkIAC,,SAP-485387,Yes,0039r000000HGYKAA8,0039r000000HGYKAA8,Stuart Chalton;stuart.charlton@qut.edu.au,1,Fashion Communication Major,a2wOm000001yJhDIAU,a2wOm000001yJhDIAU,Economics Minor;EEM,Discontinued,Undergraduate Major
[Study_Area_Plan__c],,,a0JBn000000MyYbMAK,a0JBn000000MyYbMAK,PE-1203641,a2vOm000000LynlIAC,,SAP-485388,Yes,0039r000000HGYKAA8,0039r000000HGYKAA8,Stuart Chalton;stuart.charlton@qut.edu.au,1,Marketing Major,a2wOm000001yJhEIAU,a2wOm000001yJhEIAU,Geology Major;GEL,Phasing Out,Undergraduate Major
[Study_Area_Plan__c],,,a0JBn000000Myf3MAC,a0JBn000000Myf3MAC,PE-1203642,a2vOm000000LynmIAC,,SAP-485389,No,0039r000000HGYKAA8,0039r000000HGYKAA8,Stuart Chalton;stuart.charlton@qut.edu.au,1,Accountancy Major,a2wOm000001yJhFIAU,a2wOm000001yJhFIAU,Data Security Major;DAS,Phasing Out,Undergraduate Major
[Study_Area_Plan__c],,,a0JBn000000MyiHMAS,a0JBn000000MyiHMAS,PE-1203644,a2vOm000000LynnIAC,,SAP-485390,Yes,0039r000000HGYKAA8,0039r000000HGYKAA8,Stuart Chalton;stuart.charlton@qut.edu.au,1,International Business Major,a2wOm000001yJhGIAU,a2wOm000001yJhGIAU,Ecology Co-major;ECC,Phasing Out,Undergraduate Major
[Study_Area_Plan__c],,,a0JBn000000MyiIMAS,a0JBn000000MyiIMAS,PE-1203647,a2vOm000000LynoIAC,,SAP-485391,Yes,0039r000000HGYKAA8,0039r000000HGYKAA8,Stuart Chalton;stuart.charlton@qut.edu.au,1,Human Physiology Major,a2wOm000001yJhHIAU,a2wOm000001yJhHIAU,Literature and Cultural Studies Major;LST,Phasing Out,Undergraduate Major
[Study_Area_Plan__c],,,a0JBn000000MyjtMAC,a0JBn000000MyjtMAC,PE-1203645,a2vOm000000LynpIAC,,SAP-485392,Yes,0039r000000HGYKAA8,0039r000000HGYKAA8,Stuart Chalton;stuart.charlton@qut.edu.au,1,Finance Major,a2wOm000001yJhIIAU,a2wOm000001yJhIIAU,Sales Specialisation;SALES,Phasing Out,Undergraduate Major
[Study_Area_Plan__c],,,a0JBn000000MyjuMAC,a0JBn000000MyjuMAC,PE-1203648,a2vOm000000LynqIAC,,SAP-485393,No,0039r000000HGYKAA8,0039r000000HGYKAA8,Stuart Chalton;stuart.charlton@qut.edu.au,1,Advanced Software Technologies Minor,a2wOm000001yJhJIAU,a2wOm000001yJhJIAU,Embedded Systems Major;EMB,Active,Undergraduate Minor
[Study_Area_Plan__c],,,a0JBn000000MylVMAS,a0JBn000000MylVMAS,PE-1203646,a2vOm000000LynrIAC,,SAP-485394,No,0039r000000HGYKAA8,0039r000000HGYKAA8,Stuart Chalton;stuart.charlton@qut.edu.au,1,Marketing Second Major,a2wOm000001yJhKIAU,a2wOm000001yJhKIAU,Music Education Major;MUE,Phasing Out,Undergraduate Second Major
[Study_Area_Plan__c],,,a0JBn000000Myn7MAC,a0JBn000000Myn7MAC,PE-1203650,a2vOm000000LynsIAC,,SAP-485395,Yes,0039r000000HGYKAA8,0039r000000HGYKAA8,Stuart Chalton;stuart.charlton@qut.edu.au,1,Finance Major,a2wOm000001yJhLIAU,a2wOm000001yJhLIAU,Electronic Business Concentration;EBC,Phasing Out,Undergraduate Major
[Study_Area_Plan__c],,,a0JBn000000MyojMAC,a0JBn000000MyojMAC,PE-1203653,a2vOm000000LyntIAC,,SAP-485396,Yes,0039r000000HGYKAA8,0039r000000HGYKAA8,Stuart Chalton;stuart.charlton@qut.edu.au,1,Policy and Governance Major,a2wOm000001yJhMIAU,a2wOm000001yJhMIAU,Marketing Science Major;MKS,Phasing Out,Undergraduate Major
[Study_Area_Plan__c],,,a0JBn000000MyokMAC,a0JBn000000MyokMAC,PE-1203655,a2vOm000000LynuIAC,,SAP-485397,No,0039r000000HGYKAA8,0039r000000HGYKAA8,Stuart Chalton;stuart.charlton@qut.edu.au,1,Property Valuation Accreditation Minor,a2wOm000001yJhNIAU,a2wOm000001yJhNIAU,Philanthropy and Non Profit Studies Major;PSQ,Discontinued,UG Study Area Extension
[Study_Area_Plan__c],,,a0JBn000000MyqLMAS,a0JBn000000MyqLMAS,PE-1203654,a2vOm000000LynvIAC,,SAP-485398,Yes,0039r000000HGYKAA8,0039r000000HGYKAA8,Stuart Chalton;stuart.charlton@qut.edu.au,1,Engineering Foundations Minor,a2wOm000001yJhOIAU,a2wOm000001yJhOIAU,Management Double Major;MAD,Active,Undergraduate Minor
[Study_Area_Plan__c],,,a0JBn000000Mz4sMAC,a0JBn000000Mz4sMAC,PE-1203756,a2vOm000000LynwIAC,,SAP-485399,No,0039r000000HGYKAA8,0039r000000HGYKAA8,Stuart Chalton;stuart.charlton@qut.edu.au,1,Inclusive Education Minor,a2wOm000001yJhPIAU,a2wOm000001yJhPIAU,Physics Major;PHY,Discontinued,Undergraduate Minor
[Study_Area_Plan__c],,,a0JBn000000MzCwMAK,a0JBn000000MzCwMAK,PE-1203726,a2vOm000000LynxIAC,,SAP-485400,Yes,0039r000000HGYKAA8,0039r000000HGYKAA8,Stuart Chalton;stuart.charlton@qut.edu.au,1,Creative and Professional Writing Major,a2wOm000001yJhQIAU,a2wOm000001yJhQIAU,Screen Studies Major;SCR,Active,Undergraduate Major
[Study_Area_Plan__c],,,a0JBn000000MzEXMA0,a0JBn000000MzEXMA0,PE-1203657,a2vOm000000LynyIAC,,SAP-485401,Yes,0039r000000HGYKAA8,0039r000000HGYKAA8,Stuart Chalton;stuart.charlton@qut.edu.au,1,Professional Accounting Accreditation Extension (for Accountancy Majors),a2wOm000001yJhRIAU,a2wOm000001yJhRIAU,Media Studies Major;MES,Phasing Out,UG Study Area Extension
[Study_Area_Plan__c],,,a0JBn000000MzG9MAK,a0JBn000000MzG9MAK,PE-1203658,a2vOm000000LynzIAC,,SAP-485402,Yes,0039r000000HGYKAA8,0039r000000HGYKAA8,Stuart Chalton;stuart.charlton@qut.edu.au,1,Mathematics Major,a2wOm000001yJhSIAU,a2wOm000001yJhSIAU,Interior Design Studies Major B;BGM,Discontinued,Undergraduate Major
[Study_Area_Plan__c],,,a0JBn000000MzHlMAK,a0JBn000000MzHlMAK,PE-1203659,a2vOm000000Lyo0IAC,,SAP-485403,Yes,0039r000000HGYKAA8,0039r000000HGYKAA8,Stuart Chalton;stuart.charlton@qut.edu.au,1,Chronic Health Care Nursing Major,a2wOm000001yJhTIAU,a2wOm000001yJhTIAU,Applied Ethics Minor;AEM,Phasing Out,Postgraduate Major
[Study_Area_Plan__c],,,a0JBn000000MzJNMA0,a0JBn000000MzJNMA0,PE-1203660,a2vOm000000Lyo1IAC,,SAP-485404,Yes,0039r000000HGYKAA8,0039r000000HGYKAA8,Stuart Chalton;stuart.charlton@qut.edu.au,1,Technical Production Major,a2wOm000001yJhUIAU,a2wOm000001yJhUIAU,Chemistry / Geology Major;CHG,Active,Undergraduate Major
[Study_Area_Plan__c],,,a0JBn000000MzJOMA0,a0JBn000000MzJOMA0,PE-1203734,a2vOm000000Lyo2IAC,,SAP-485405,Yes,0039r000000HGYKAA8,0039r000000HGYKAA8,Stuart Chalton;stuart.charlton@qut.edu.au,1,Situated Creative Practice Extension,a2wOm000001yJhVIAU,a2wOm000001yJhVIAU,Advertising Specialisation;AVS,Phasing Out,UG Study Area Extension
[Study_Area_Plan__c],,,a0JBn000000MzJPMA0,a0JBn000000MzJPMA0,PE-1203758,a2vOm000000Lyo3IAC,,SAP-485406,Yes,0039r000000HGYKAA8,0039r000000HGYKAA8,Stuart Chalton;stuart.charlton@qut.edu.au,1,Intermediate Science Minor,a2wOm000001yJhWIAU,a2wOm000001yJhWIAU,History/French Major;HFR,Discontinued,Undergraduate Minor
[Study_Area_Plan__c],,,a0JBn000000MzKzMAK,a0JBn000000MzKzMAK,PE-1203661,a2vOm000000Lyo4IAC,,SAP-485407,No,0039r000000HGYKAA8,0039r000000HGYKAA8,Stuart Chalton;stuart.charlton@qut.edu.au,1,Physics Minor,a2wOm000001yJhXIAU,a2wOm000001yJhXIAU,Visual Arts Major;VIS,Active,Undergraduate Minor
[Study_Area_Plan__c],,,a0JBn000000MzL0MAK,a0JBn000000MzL0MAK,PE-1203663,a2vOm000000Lyo5IAC,,SAP-485408,Yes,0039r000000HGYKAA8,0039r000000HGYKAA8,Stuart Chalton;stuart.charlton@qut.edu.au,1,Interior Design Major,a2wOm000001yJhYIAU,a2wOm000001yJhYIAU,Residential Construction Minor;URM,Phasing Out,Undergraduate Major
[Study_Area_Plan__c],,,a0JBn000000MzMbMAK,a0JBn000000MzMbMAK,PE-1203664,a2vOm000000Lyo6IAC,,SAP-485409,Yes,0039r000000HGYKAA8,0039r000000HGYKAA8,Stuart Chalton;stuart.charlton@qut.edu.au,1,Dance Performance Major,a2wOm000001yJhZIAU,a2wOm000001yJhZIAU,Library and Information Science Major;ZLB,Active,Undergraduate Major
[Study_Area_Plan__c],,,a0JBn000000MzODMA0,a0JBn000000MzODMA0,PE-1203665,a2vOm000000Lyo7IAC,,SAP-485410,Yes,0039r000000HGYKAA8,0039r000000HGYKAA8,Stuart Chalton;stuart.charlton@qut.edu.au,1,Situated Creative Practice Extension,a2wOm000001yJhaIAE,a2wOm000001yJhaIAE,Dynamics of System Studies Minor;DSS,Phasing Out,UG Study Area Extension
[Study_Area_Plan__c],,,a0JBn000000MzPpMAK,a0JBn000000MzPpMAK,PE-1203666,a2vOm000000Lyo8IAC,,SAP-485411,Yes,0039r000000HGYKAA8,0039r000000HGYKAA8,Stuart Chalton;stuart.charlton@qut.edu.au,1,Dance Performance Major,a2wOm000001yJhbIAE,a2wOm000001yJhbIAE,Accountancy Co-major;ANC,Active,Undergraduate Major
[Study_Area_Plan__c],,,a0JBn000000MzRRMA0,a0JBn000000MzRRMA0,PE-1203668,a2vOm000000Lyo9IAC,,SAP-485412,Yes,0039r000000HGYKAA8,0039r000000HGYKAA8,Stuart Chalton;stuart.charlton@qut.edu.au,2,Situated Creative Practice Extension,a2wOm000001yJhcIAE,a2wOm000001yJhcIAE,Databases Major;DTB,Phasing Out,UG Study Area Extension
[Study_Area_Plan__c],,,a0JBn000000MzT3MAK,a0JBn000000MzT3MAK,PE-1203669,a2vOm000000LyoAIAS,,SAP-485413,No,0039r000000HGYKAA8,0039r000000HGYKAA8,Stuart Chalton;stuart.charlton@qut.edu.au,1,Forensic Science Minor,a2wOm000001yJhdIAE,a2wOm000001yJhdIAE,International Policing Major;IPL,Active,Undergraduate Minor
[Study_Area_Plan__c],,,a0JBn000000MzT4MAK,a0JBn000000MzT4MAK,PE-1203713,a2vOm000000LyoBIAS,,SAP-485414,Yes,0039r000000HGYKAA8,0039r000000HGYKAA8,Stuart Chalton;stuart.charlton@qut.edu.au,1,Creative Writing Major,a2wOm000001yJheIAE,a2wOm000001yJheIAE,Architectural Design & Technology Maj B;BYM,Phasing Out,Undergraduate Major
[Study_Area_Plan__c],,,a0JBn000000MzUfMAK,a0JBn000000MzUfMAK,PE-1203670,a2vOm000000LyoCIAS,,SAP-485415,Yes,0039r000000HGYKAA8,0039r000000HGYKAA8,Stuart Chalton;stuart.charlton@qut.edu.au,1,Situated Creative Practice Extension,a2wOm000001yJhfIAE,a2wOm000001yJhfIAE,Applied Economics Minor;AMM,Phasing Out,UG Study Area Extension
[Study_Area_Plan__c],,,a0JBn000000MzXtMAK,a0JBn000000MzXtMAK,PE-1203671,a2vOm000000LyoDIAS,,SAP-485416,Yes,0039r000000HGYKAA8,0039r000000HGYKAA8,Stuart Chalton;stuart.charlton@qut.edu.au,1,Animation Major,a2wOm000001yJhgIAE,a2wOm000001yJhgIAE,Development Management Specialisation;DVG,Active,Undergraduate Major
[Study_Area_Plan__c],,,a0JBn000000MzZVMA0,a0JBn000000MzZVMA0,PE-1203672,a2vOm000000LyoEIAS,,SAP-485417,Yes,0039r000000HGYKAA8,0039r000000HGYKAA8,Stuart Chalton;stuart.charlton@qut.edu.au,1,Situated Creative Practice Extension,a2wOm000001yJhhIAE,a2wOm000001yJhhIAE,Banking and Finance Specialisation;BFS,Phasing Out,UG Study Area Extension
[Study_Area_Plan__c],,,a0JBn000000Mzb7MAC,a0JBn000000Mzb7MAC,PE-1203673,a2vOm000000LyoFIAS,,SAP-485418,Yes,0039r000000HGYKAA8,0039r000000HGYKAA8,Stuart Chalton;stuart.charlton@qut.edu.au,1,Interior Design Studies Minor,a2wOm000001yJhiIAE,a2wOm000001yJhiIAE,Lighting Minor;BGL,Phasing Out,Undergraduate Minor
[Study_Area_Plan__c],,,a0JBn000000Mzb8MAC,a0JBn000000Mzb8MAC,PE-1203710,a2vOm000000LyoGIAS,,SAP-485419,No,0039r000000HGYKAA8,0039r000000HGYKAA8,Stuart Chalton;stuart.charlton@qut.edu.au,1,Forensic Science Minor,a2wOm000001yJhjIAE,a2wOm000001yJhjIAE,Creative Writing Minor;KYW,Active,Undergraduate Minor
[Study_Area_Plan__c],,,a0JBn000000MzcjMAC,a0JBn000000MzcjMAC,PE-1203674,a2vOm000000LyoHIAS,,SAP-485420,Yes,0039r000000HGYKAA8,0039r000000HGYKAA8,Stuart Chalton;stuart.charlton@qut.edu.au,1,Criminology and Policing Minor,a2wOm000001yJhkIAE,a2wOm000001yJhkIAE,Community Practice Major;CPR,Phasing Out,Undergraduate Minor
[Study_Area_Plan__c],,,a0JBn000000MzckMAC,a0JBn000000MzckMAC,PE-1203727,a2vOm000000LyoIIAS,,SAP-485421,Yes,0039r000000HGYKAA8,0039r000000HGYKAA8,Stuart Chalton;stuart.charlton@qut.edu.au,1,English Major,a2wOm000001yJhlIAE,a2wOm000001yJhlIAE,Creative & Professional Writing Sub-maj;KCW,Discontinued,Undergraduate Major
[Study_Area_Plan__c],,,a0JBn000000MzclMAC,a0JBn000000MzclMAC,PE-1203742,a2vOm000000LyoJIAS,,SAP-485422,No,0039r000000HGYKAA8,0039r000000HGYKAA8,Stuart Chalton;stuart.charlton@qut.edu.au,1,Landscape Architecture Studies Second Major,a2wOm000001yJhmIAE,a2wOm000001yJhmIAE,Biodiversity Co-major;BDC,Phasing Out,Undergraduate Second Major
[Study_Area_Plan__c],,,a0JBn000000MzeLMAS,a0JBn000000MzeLMAS,PE-1203675,a2vOm000000LyoKIAS,,SAP-485423,Yes,0039r000000HGYKAA8,0039r000000HGYKAA8,Stuart Chalton;stuart.charlton@qut.edu.au,1,Chinese - English Translating and Interpreting Minor,a2wOm000001yJhnIAE,a2wOm000001yJhnIAE,Business English Minor;BEN,Phasing Out,Undergraduate Minor
[Study_Area_Plan__c],,,a0JBn000000MzfxMAC,a0JBn000000MzfxMAC,PE-1203676,a2vOm000000LyoLIAS,,SAP-485424,Yes,0039r000000HGYKAA8,0039r000000HGYKAA8,Stuart Chalton;stuart.charlton@qut.edu.au,1,Drama Minor,a2wOm000001yJhoIAE,a2wOm000001yJhoIAE,Maintenance Engineering Minor;MNG,Active,Undergraduate Minor
[Study_Area_Plan__c],,,a0JBn000000MzhZMAS,a0JBn000000MzhZMAS,PE-1203677,a2vOm000000LyoMIAS,,SAP-485425,Yes,0039r000000HGYKAA8,0039r000000HGYKAA8,Stuart Chalton;stuart.charlton@qut.edu.au,1,Policy and Governance Major,a2wOm000001yJhpIAE,a2wOm000001yJhpIAE,Mathematics A Major;MAA,Phasing Out,Undergraduate Major
[Study_Area_Plan__c],,,a0JBn000000MzjBMAS,a0JBn000000MzjBMAS,PE-1203678,a2vOm000000LyoNIAS,,SAP-485426,No,0039r000000HGYKAA8,0039r000000HGYKAA8,Stuart Chalton;stuart.charlton@qut.edu.au,1,Accountancy Major,a2wOm000001yJhqIAE,a2wOm000001yJhqIAE,Exercise and Sports Nutrition Major;ESN,Phasing Out,Undergraduate Major
[Study_Area_Plan__c],,,a0JBn000000MzknMAC,a0JBn000000MzknMAC,PE-1203679,a2vOm000000LyoOIAS,,SAP-485427,No,0039r000000HGYKAA8,0039r000000HGYKAA8,Stuart Chalton;stuart.charlton@qut.edu.au,1,Situated Creative Practice Extension,a2wOm000001yJhrIAE,a2wOm000001yJhrIAE,Banking and Finance Double Major;BFD,Phasing Out,UG Study Area Extension
[Study_Area_Plan__c],,,a0JBn000000MzmPMAS,a0JBn000000MzmPMAS,PE-1203680,a2vOm000000LyoPIAS,,SAP-485428,Yes,0039r000000HGYKAA8,0039r000000HGYKAA8,Stuart Chalton;stuart.charlton@qut.edu.au,1,Criminology and Policing Major,a2wOm000001yJhsIAE,a2wOm000001yJhsIAE,Media and Communication Major;KMC,Phasing Out,Undergraduate Major
[Study_Area_Plan__c],,,a0JBn000000Mzo1MAC,a0JBn000000Mzo1MAC,PE-1203681,a2vOm000000LyoQIAS,,SAP-485429,Yes,0039r000000HGYKAA8,0039r000000HGYKAA8,Stuart Chalton;stuart.charlton@qut.edu.au,1,Advertising Major,a2wOm000001yJhtIAE,a2wOm000001yJhtIAE,Information-Learning Connections Major;MLC,Phasing Out,Undergraduate Major
[Study_Area_Plan__c],,,a0JBn000000MzpeMAC,a0JBn000000MzpeMAC,PE-1203729,a2vOm000000LyoRIAS,,SAP-485430,Yes,0039r000000HGYKAA8,0039r000000HGYKAA8,Stuart Chalton;stuart.charlton@qut.edu.au,1,Art and Design History Second Major,a2wOm000001yJhuIAE,a2wOm000001yJhuIAE,Human Resource Management Extended Major;HRX,Active,Undergraduate Second Major
[Study_Area_Plan__c],,,a0JBn000000MzrFMAS,a0JBn000000MzrFMAS,PE-1203682,a2vOm000000LyoSIAS,,SAP-485431,No,0039r000000HGYKAA8,0039r000000HGYKAA8,Stuart Chalton;stuart.charlton@qut.edu.au,1,Drama Minor,a2wOm000001yJhvIAE,a2wOm000001yJhvIAE,Breast Ultrasound Major;BUD,Active,Undergraduate Minor
[Study_Area_Plan__c],,,a0JBn000000MzsrMAC,a0JBn000000MzsrMAC,PE-1203683,a2vOm000000LyoTIAS,,SAP-485432,Yes,0039r000000HGYKAA8,0039r000000HGYKAA8,Stuart Chalton;stuart.charlton@qut.edu.au,1,Entertainment Minor,a2wOm000001yJhwIAE,a2wOm000001yJhwIAE,Politics and History Major;PAH,Discontinued,Undergraduate Minor
[Study_Area_Plan__c],,,a0JBn000000MzssMAC,a0JBn000000MzssMAC,PE-1203752,a2vOm000000LyoUIAS,,SAP-485433,Yes,0039r000000HGYKAA8,0039r000000HGYKAA8,Stuart Chalton;stuart.charlton@qut.edu.au,2,Public Relations Major,a2wOm000001yJhxIAE,a2wOm000001yJhxIAE,Library Studies Major;LIB,Phasing Out,Postgraduate Major
[Study_Area_Plan__c],,,a0JBn000000MzuTMAS,a0JBn000000MzuTMAS,PE-1203684,a2vOm000000LyoVIAS,,SAP-485434,Yes,0039r000000HGYKAA8,0039r000000HGYKAA8,Stuart Chalton;stuart.charlton@qut.edu.au,1,Marketing Major,a2wOm000001yJhyIAE,a2wOm000001yJhyIAE,Career Development Major;GCD,Phasing Out,Undergraduate Major
[Study_Area_Plan__c],,,a0JBn000000Mzw5MAC,a0JBn000000Mzw5MAC,PE-1203685,a2vOm000000LyoWIAS,,SAP-485435,Yes,0039r000000HGYKAA8,0039r000000HGYKAA8,Stuart Chalton;stuart.charlton@qut.edu.au,1,Interactive and Visual Design Minor,a2wOm000001yJhzIAE,a2wOm000001yJhzIAE,Property Economics Investment Minor;UIM,Discontinued,Undergraduate Minor
[Study_Area_Plan__c],,,a0JBn000000MzxhMAC,a0JBn000000MzxhMAC,PE-1203686,a2vOm000000LyoXIAS,,SAP-485436,Yes,0039r000000HGYKAA8,0039r000000HGYKAA8,Stuart Chalton;stuart.charlton@qut.edu.au,1,Applied Finance Major,a2wOm000001yJi0IAE,a2wOm000001yJi0IAE,Fashion Minor;KYF,Active,Postgraduate Major
[Study_Area_Plan__c],,,a0JBn000000MzxiMAC,a0JBn000000MzxiMAC,PE-1203692,a2vOm000000LyoYIAS,,SAP-485437,Yes,0039r000000HGYKAA8,0039r000000HGYKAA8,Stuart Chalton;stuart.charlton@qut.edu.au,1,Human Resource Management Major,a2wOm000001yJi1IAE,a2wOm000001yJi1IAE,Project Management Minor;PMN,Active,Postgraduate Major
[Study_Area_Plan__c],,,a0JBn000000MzzJMAS,a0JBn000000MzzJMAS,PE-1203687,a2vOm000000LyoZIAS,,SAP-485438,Yes,0039r000000HGYKAA8,0039r000000HGYKAA8,Stuart Chalton;stuart.charlton@qut.edu.au,1,Marketing Major,a2wOm000001yJi2IAE,a2wOm000001yJi2IAE,Entrepreneurship Major;ETG,Active,Postgraduate Major
[Study_Area_Plan__c],,,a0JBn000000MzzKMAS,a0JBn000000MzzKMAS,PE-1203691,a2vOm000000LyoaIAC,,SAP-485439,No,0039r000000HGYKAA8,0039r000000HGYKAA8,Stuart Chalton;stuart.charlton@qut.edu.au,1,Human Resource Management Major,a2wOm000001yJi3IAE,a2wOm000001yJi3IAE,Electronic Commerce Major;ELG,Phasing Out,Undergraduate Major
[Study_Area_Plan__c],,,a0JBn000000N00vMAC,a0JBn000000N00vMAC,PE-1203689,a2vOm000000LyobIAC,,SAP-485440,No,0039r000000HGYKAA8,0039r000000HGYKAA8,Stuart Chalton;stuart.charlton@qut.edu.au,1,Creative Performer Minor,a2wOm000001yJi4IAE,a2wOm000001yJi4IAE,Fashion Design Major;FAS,Discontinued,Undergraduate Minor
[Study_Area_Plan__c],,,a0JBn000000N00wMAC,a0JBn000000N00wMAC,PE-1203733,a2vOm000000LyocIAC,,SAP-485441,Yes,0039r000000HGYKAA8,0039r000000HGYKAA8,Stuart Chalton;stuart.charlton@qut.edu.au,1,Graphic Design Minor,a2wOm000001yJi5IAE,a2wOm000001yJi5IAE,Animation and Computational Arts Major;ANA,Phasing Out,Undergraduate Minor
[Study_Area_Plan__c],,,a0JBn000000N02XMAS,a0JBn000000N02XMAS,PE-1203690,a2vOm000000LyodIAC,,SAP-485442,Yes,0039r000000HGYKAA8,0039r000000HGYKAA8,Stuart Chalton;stuart.charlton@qut.edu.au,1,English Major,a2wOm000001yJi6IAE,a2wOm000001yJi6IAE,Road Engineering Major;RDE,Discontinued,Undergraduate Major
[Study_Area_Plan__c],,,a0JBn000000N05lMAC,a0JBn000000N05lMAC,PE-1203693,a2vOm000000LyoeIAC,,SAP-485443,Yes,0039r000000HGYKAA8,0039r000000HGYKAA8,Stuart Chalton;stuart.charlton@qut.edu.au,1,Entertainment Minor,a2wOm000001yJi7IAE,a2wOm000001yJi7IAE,Computing Major;CMP,Discontinued,Undergraduate Minor
[Study_Area_Plan__c],,,a0JBn000000N07NMAS,a0JBn000000N07NMAS,PE-1203694,a2vOm000000LyofIAC,,SAP-485444,Yes,0039r000000HGYKAA8,0039r000000HGYKAA8,Stuart Chalton;stuart.charlton@qut.edu.au,1,Applied Finance Major,a2wOm000001yJi8IAE,a2wOm000001yJi8IAE,Science/Maths/Computing Major;SCC,Active,Postgraduate Major
[Study_Area_Plan__c],,,a0JBn000000N08zMAC,a0JBn000000N08zMAC,PE-1203695,a2vOm000000LyogIAC,,SAP-485445,No,0039r000000HGYKAA8,0039r000000HGYKAA8,Stuart Chalton;stuart.charlton@qut.edu.au,1,Creative Performer Minor,a2wOm000001yJi9IAE,a2wOm000001yJi9IAE,Communication Double Major;CMD,Discontinued,Undergraduate Minor
[Study_Area_Plan__c],,,a0JBn000000N0AbMAK,a0JBn000000N0AbMAK,PE-1203696,a2vOm000000LyohIAC,,SAP-486046,No,0039r000000HGYKAA8,0039r000000HGYKAA8,Stuart Chalton;stuart.charlton@qut.edu.au,1,Security Major,a2wOm000001yJiAIAU,a2wOm000001yJiAIAU,Management Extension;MAX,Phasing Out,Postgraduate Major
[Study_Area_Plan__c],,,a0JBn000000N0AcMAK,a0JBn000000N0AcMAK,PE-1203697,a2vOm000000LyoiIAC,,SAP-486047,Yes,0039r000000HGYKAA8,0039r000000HGYKAA8,Stuart Chalton;stuart.charlton@qut.edu.au,1,Infection and Immunity Major,a2wOm000001yJiBIAU,a2wOm000001yJiBIAU,Spatial Science Co-major;SPS,Phasing Out,Undergraduate Major
[Study_Area_Plan__c],,,a0JBn000000N0CDMA0,a0JBn000000N0CDMA0,PE-1203698,a2vOm000000LyojIAC,,SAP-486048,No,0039r000000HGYKAA8,0039r000000HGYKAA8,Stuart Chalton;stuart.charlton@qut.edu.au,1,Visual Arts Practice Minor,a2wOm000001yJiCIAU,a2wOm000001yJiCIAU,Spatial Science Studies Minor;USM,Active,Undergraduate Minor
[Study_Area_Plan__c],,,a0JBn000000N0DpMAK,a0JBn000000N0DpMAK,PE-1203699,a2vOm000000LyokIAC,,SAP-486049,Yes,0039r000000HGYKAA8,0039r000000HGYKAA8,Stuart Chalton;stuart.charlton@qut.edu.au,1,Marketing Major,a2wOm000001yJiDIAU,a2wOm000001yJiDIAU,German Co-major;GRC,Phasing Out,Undergraduate Major
[Study_Area_Plan__c],,,a0JBn000000N0DqMAK,a0JBn000000N0DqMAK,PE-1203714,a2vOm000000LyolIAC,,SAP-486050,Yes,0039r000000HGYKAA8,0039r000000HGYKAA8,Stuart Chalton;stuart.charlton@qut.edu.au,1,Construction Management Major,a2wOm000001yJiEIAU,a2wOm000001yJiEIAU,International Law Major;INL,Phasing Out,Undergraduate Major
[Study_Area_Plan__c],,,a0JBn000000N0FRMA0,a0JBn000000N0FRMA0,PE-1203700,a2vOm000000LyomIAC,,SAP-486051,Yes,0039r000000HGYKAA8,0039r000000HGYKAA8,Stuart Chalton;stuart.charlton@qut.edu.au,1,Computer Science Major,a2wOm000001yJiFIAU,a2wOm000001yJiFIAU,Professional Accounting Major;PAP,Phasing Out,Undergraduate Major
[Study_Area_Plan__c],,,a0JBn000000N0H3MAK,a0JBn000000N0H3MAK,PE-1203701,a2vOm000000LyonIAC,,SAP-486052,Yes,0039r000000HGYKAA8,0039r000000HGYKAA8,Stuart Chalton;stuart.charlton@qut.edu.au,1,Applied Finance Major,a2wOm000001yJiGIAU,a2wOm000001yJiGIAU,Software Architecture Major;SOA,Discontinued,Postgraduate Major
[Study_Area_Plan__c],,,a0JBn000000N0H4MAK,a0JBn000000N0H4MAK,PE-1203741,a2vOm000000LyooIAC,,SAP-486053,No,0039r000000HGYKAA8,0039r000000HGYKAA8,Stuart Chalton;stuart.charlton@qut.edu.au,1,Design and Visual Storytelling for Animation Minor,a2wOm000001yJiHIAU,a2wOm000001yJiHIAU,Integrated Marketing Communication Co-major;BZI,Active,Undergraduate Minor
[Study_Area_Plan__c],,,a0JBn000000N0LtMAK,a0JBn000000N0LtMAK,PE-1203702,a2vOm000000LyopIAC,,SAP-486054,Yes,0039r000000HGYKAA8,0039r000000HGYKAA8,Stuart Chalton;stuart.charlton@qut.edu.au,1,Cancer Nursing Major,a2wOm000001yJiIIAU,a2wOm000001yJiIIAU,Geoscience Co-major;GSC,Phasing Out,Postgraduate Major
[Study_Area_Plan__c],,,a0JBn000000N0NVMA0,a0JBn000000N0NVMA0,PE-1203703,a2vOm000000LyoqIAC,,SAP-486055,Yes,0039r000000HGYKAA8,0039r000000HGYKAA8,Stuart Chalton;stuart.charlton@qut.edu.au,1,Digital Media Minor,a2wOm000001yJiJIAU,a2wOm000001yJiJIAU,Gerontology Major;GNG,Discontinued,Undergraduate Minor
[Study_Area_Plan__c],,,a0JBn000000N0NWMA0,a0JBn000000N0NWMA0,PE-1203768,a2vOm000000LyorIAC,,SAP-486056,Yes,0039r000000HGYKAA8,0039r000000HGYKAA8,Stuart Chalton;stuart.charlton@qut.edu.au,1,Professional Minor,a2wOm000001yJiKIAU,a2wOm000001yJiKIAU,Aviation Co-major;AVC,Phasing Out,Undergraduate Minor
[Study_Area_Plan__c],,,a0JBn000000N0P7MAK,a0JBn000000N0P7MAK,PE-1203704,a2vOm000000LyosIAC,,SAP-486057,Yes,0039r000000HGYKAA8,0039r000000HGYKAA8,Stuart Chalton;stuart.charlton@qut.edu.au,1,Computer Science Major,a2wOm000001yKEjIAM,a2wOm000001yKEjIAM,Microbiology;SC01SMJ-MICBIOL,Phasing Out,Undergraduate Major
[Study_Area_Plan__c],,,a0JBn000000N0QjMAK,a0JBn000000N0QjMAK,PE-1203705,a2vOm000000LyotIAC,,SAP-486058,Yes,0039r000000HGYKAA8,0039r000000HGYKAA8,Stuart Chalton;stuart.charlton@qut.edu.au,1,Network and Security Minor,a2wOm000001yKEkIAM,a2wOm000001yKEkIAM,Music;SC01SMJ-MUSIC,Phasing Out,UG Study Area Extension
[Study_Area_Plan__c],,,a0JBn000000N0SLMA0,a0JBn000000N0SLMA0,PE-1203706,a2vOm000000LyouIAC,,SAP-486059,No,0039r000000HGYKAA8,0039r000000HGYKAA8,Stuart Chalton;stuart.charlton@qut.edu.au,1,Marketing Minor,a2wOm000001yKElIAM,a2wOm000001yKElIAM,Nutrition;SC01SMJ-NUTRITN,Phasing Out,Undergraduate Minor
[Study_Area_Plan__c],,,a0JBn000000N0SMMA0,a0JBn000000N0SMMA0,PE-1203743,a2vOm000000LyovIAC,,SAP-486060,No,0039r000000HGYKAA8,0039r000000HGYKAA8,Stuart Chalton;stuart.charlton@qut.edu.au,1,Public Relations Minor,a2wOm000001yKEmIAM,a2wOm000001yKEmIAM,International Business;BS79MJR-INTLBUS,Phasing Out,Undergraduate Minor
[Study_Area_Plan__c],,,a0JBn000000N0TxMAK,a0JBn000000N0TxMAK,PE-1203707,a2vOm000000LyowIAC,,SAP-486061,Yes,0039r000000HGYKAA8,0039r000000HGYKAA8,Stuart Chalton;stuart.charlton@qut.edu.au,1,Marketing Major,a2wOm000001yKEnIAM,a2wOm000001yKEnIAM,Systems;EN50MJR-SYSTEMS,Phasing Out,Undergraduate Major
[Study_Area_Plan__c],,,a0JBn000000N0VZMA0,a0JBn000000N0VZMA0,PE-1203708,a2vOm000000LyoxIAC,,SAP-486062,Yes,0039r000000HGYKAA8,0039r000000HGYKAA8,Stuart Chalton;stuart.charlton@qut.edu.au,1,Justice Minor,a2wOm000001yKEoIAM,a2wOm000001yKEoIAM,Accounting;GSPMMNR-ACCOUNT,Phasing Out,Undergraduate Minor
[Study_Area_Plan__c],,,a0JBn000000N0XBMA0,a0JBn000000N0XBMA0,PE-1203709,a2vOm000000LyoyIAC,,SAP-486063,No,0039r000000HGYKAA8,0039r000000HGYKAA8,Stuart Chalton;stuart.charlton@qut.edu.au,1,Human Biochemistry Minor,a2wOm000001yKEpIAM,a2wOm000001yKEpIAM,Corporate Governance;GSPMMNR-CORPGOV,Phasing Out,Undergraduate Minor
[Study_Area_Plan__c],,,a0JBn000000N0fFMAS,a0JBn000000N0fFMAS,PE-1203711,a2vOm000000LyozIAC,,SAP-486064,No,0039r000000HGYKAA8,0039r000000HGYKAA8,Stuart Chalton;stuart.charlton@qut.edu.au,1,Studies in Human Rights Minor,a2wOm000001yKEqIAM,a2wOm000001yKEqIAM,Entrepreneurship;GSPMMNR-ENTREP,Phasing Out,Undergraduate Minor
[Study_Area_Plan__c],,,a0JBn000000N0fGMAS,a0JBn000000N0fGMAS,PE-1203764,a2vOm000000Lyp0IAC,,SAP-486065,No,0039r000000HGYKAA8,0039r000000HGYKAA8,Stuart Chalton;stuart.charlton@qut.edu.au,1,Information Systems Minor,a2wOm000001yKErIAM,a2wOm000001yKErIAM,Finance;GSPMMNR-FINANCE,Discontinued,Undergraduate Minor
[Study_Area_Plan__c],,,a0JBn000000N0grMAC,a0JBn000000N0grMAC,PE-1203712,a2vOm000000Lyp1IAC,,SAP-486066,Yes,0039r000000HGYKAA8,0039r000000HGYKAA8,Stuart Chalton;stuart.charlton@qut.edu.au,1,Accountancy Major,a2wOm000001yKEsIAM,a2wOm000001yKEsIAM,Human Resource Management;GSPMMNR-HRMGMT,Phasing Out,Undergraduate Major
[Study_Area_Plan__c],,,a0JBn000000N0gsMAC,a0JBn000000N0gsMAC,PE-1203718,a2vOm000000Lyp2IAC,,SAP-486067,Yes,0039r000000HGYKAA8,0039r000000HGYKAA8,Stuart Chalton;stuart.charlton@qut.edu.au,1,Professional Accounting Major,a2wOm000001yKEtIAM,a2wOm000001yKEtIAM,Health Services Management;GSPMMNR-HSMGMT,Active,Postgraduate Major
[Study_Area_Plan__c],,,a0JBn000000N0iTMAS,a0JBn000000N0iTMAS,PE-1203716,a2vOm000000Lyp3IAC,,SAP-486068,Yes,0039r000000HGYKAA8,0039r000000HGYKAA8,Stuart Chalton;stuart.charlton@qut.edu.au,1,Applied Finance Major,a2wOm000001yKEuIAM,a2wOm000001yKEuIAM,Aerospace Avionics;EN40MJR-AEROAVI,Active,Postgraduate Major
[Study_Area_Plan__c],,,a0JBn000000N0k5MAC,a0JBn000000N0k5MAC,PE-1203719,a2vOm000000Lyp4IAC,,SAP-486069,Yes,0039r000000HGYKAA8,0039r000000HGYKAA8,Stuart Chalton;stuart.charlton@qut.edu.au,1,Information Systems Major,a2wOm000001yKEvIAM,a2wOm000001yKEvIAM,Construction Engineering Studies;ENBXSMJ-CONSENG,Phasing Out,Undergraduate Major
[Study_Area_Plan__c],,,a0JBn000000N0lhMAC,a0JBn000000N0lhMAC,PE-1203720,a2vOm000000Lyp5IAC,,SAP-486070,Yes,0039r000000HGYKAA8,0039r000000HGYKAA8,Stuart Chalton;stuart.charlton@qut.edu.au,1,Commercial Law Major,a2wOm000001yKEwIAM,a2wOm000001yKEwIAM,Biodiversity;SC01SMJ-BIODIVE,Discontinued,Postgraduate Major
[Study_Area_Plan__c],,,a0JBn000000N0ovMAC,a0JBn000000N0ovMAC,PE-1203722,a2vOm000000Lyp6IAC,,SAP-486071,Yes,0039r000000HGYKAA8,0039r000000HGYKAA8,Stuart Chalton;stuart.charlton@qut.edu.au,1,Game Design Major,a2wOm000001yKExIAM,a2wOm000001yKExIAM,Biotechnology;SC01SMJ-BIOTECH,Phasing Out,Undergraduate Major
[Study_Area_Plan__c],,,a0JBn000000N0owMAC,a0JBn000000N0owMAC,PE-1203728,a2vOm000000Lyp7IAC,,SAP-486072,Yes,0039r000000HGYKAA8,0039r000000HGYKAA8,Stuart Chalton;stuart.charlton@qut.edu.au,1,Intensive Care Nursing Major,a2wOm000001yKEyIAM,a2wOm000001yKEyIAM,Television;IF27MJR-TELEVIS,Phasing Out,Postgraduate Major
[Study_Area_Plan__c],,,a0JBn000000N0qXMAS,a0JBn000000N0qXMAS,PE-1203723,a2vOm000000Lyp8IAC,,SAP-486073,No,0039r000000HGYKAA8,0039r000000HGYKAA8,Stuart Chalton;stuart.charlton@qut.edu.au,1,Security Major,a2wOm000001yKEzIAM,a2wOm000001yKEzIAM,Dance (Honours);KK53MJR-DANCE,Phasing Out,Postgraduate Major
[Study_Area_Plan__c],,,a0JBn000000N0s9MAC,a0JBn000000N0s9MAC,PE-1203724,a2vOm000000Lyp9IAC,,SAP-486074,Yes,0039r000000HGYKAA8,0039r000000HGYKAA8,Stuart Chalton;stuart.charlton@qut.edu.au,1,Interactive and Visual Design Major,a2wOm000001yKF0IAM,a2wOm000001yKF0IAM,Fashion Design (Honours);KK53MJR-FASHION,Discontinued,Undergraduate Major
[Study_Area_Plan__c],,,a0JBn000000N0tlMAC,a0JBn000000N0tlMAC,PE-1203725,a2vOm000000LypAIAS,,SAP-486075,Yes,0039r000000HGYKAA8,0039r000000HGYKAA8,Stuart Chalton;stuart.charlton@qut.edu.au,1,Nursing Major,a2wOm000001yKF1IAM,a2wOm000001yKF1IAM,Film and Television (Honours);KK53MJR-FILMTEL,Discontinued,Undergraduate Major
[Study_Area_Plan__c],,,a0JBn000000N0vNMAS,a0JBn000000N0vNMAS,PE-1203730,a2vOm000000LypDIAS,,SAP-043540,Yes,0039r000000HGYKAA8,0039r000000HGYKAA8,Stuart Chalton;stuart.charlton@qut.edu.au,1,Accountancy Major,a2wOm000001yKF2IAM,a2wOm000001yKF2IAM,Environmental Engineering Studies;SC01SMJ-ENVLENG,Discontinued,Study Area A Unit Sets (Historical Only)
[Study_Area_Plan__c],,,a0JBn000000N0wzMAC,a0JBn000000N0wzMAC,PE-1203731,a2vOm000000LypEIAS,,SAP-043541,Yes,0039r000000HGYKAA8,0039r000000HGYKAA8,Stuart Chalton;stuart.charlton@qut.edu.au,1,Accountancy Major,a2wOm000001yKF3IAM,a2wOm000001yKF3IAM,Finance;BSDDMJR-FINANCE,Discontinued,Study Area A Unit Sets (Historical Only)
[Study_Area_Plan__c],,,a0JBn000000N0ybMAC,a0JBn000000N0ybMAC,PE-1203732,a2vOm000000LypFIAS,,SAP-043542,No,0039r000000HGYKAA8,0039r000000HGYKAA8,Stuart Chalton;stuart.charlton@qut.edu.au,1,Accountancy Major,a2wOm000001yKF4IAM,a2wOm000001yKF4IAM,Management;BSDDMJR-MGMT,Discontinued,Study Area A Unit Sets (Historical Only)
