$$Name$RecordTypeId,AccountId,Birthdate,Company_Name__c,ContactMobile_Validation__c,Description,Email,FirstName,hed__Chosen_Full_Name__c,hed__Primary_Organization__c,Id,LastName,Migration_Key__c,MobilePhone,Name,QUT_Employee_ID__c,QUT_Identity_ID__c,QUT_Staff_Email__c,QUT_Student_ID__c,RecordTypeId,Registered_Email__c,Salutation,Work_Email__c
Bucky Barnes;0128q0000004KocAAE,0019n000001yOeoAAE,,Central Perc Co.,Valid,,qut.automation+barnes@gmail.com,Bucky,Bucky,0019n000001yOeoAAE,003Bn00000LlCBLIA3,Barnes,,61401193175,Bucky Barnes,,,qut.automation+staff@gmail.com,12155047,0128q0000004KocAAE,qut.automation+barnes@gmail.com,MR,qut.automation+barnesstaffii@gmail.com
Clint Barton;0128q0000004KocAAE,0019n000001yOeoAAE,,Central Perc Co.,Valid,,qut.automation+barton@gmail.com,Clint,Clint,0019n000001yOeoAAE,003Bn00000LjQNFIA3,Barton,,61401193175,Clint Barton,,,qut.automation+bartonstaff@gmail.com,,0128q0000004KocAAE,qut.automation+bartonstaffii@gmail.com,MR,qut.automation+bartonstaffii@gmail.com
Darcy Lewis;0128q0000004KocAAE,0019n000001yOeoAAE,,Central Perc Co.,Valid,,qut.automation+lewis@gmail.com,Darcy,Darcy,0019n000001yOeoAAE,003Bn00000LjQNHIA3,Lewis,,61401193175,Darcy Lewis,,,qut.automation+lewisstaff@gmail.com,,0128q0000004KocAAE,qut.automation+lewisstaffii@gmail.com,MS,qut.automation+lewisstaffii@gmail.com
Edward Leeds;0128q0000004KocAAE,0019n000001yOeoAAE,,Central Perc Co.,Valid,,qut.automation+leeds@gmail.com,Edward,Edward,0019n000001yOeoAAE,003Bn00000LjQNIIA3,Leeds,,61401193175,Edward Leeds,,,qut.automation+leedsstaff@gmail.com,,0128q0000004KocAAE,qut.automation+leedsstaffii@gmail.com,MR,qut.automation+leedsstaffii@gmail.com